,PLAYER,Pos,GP,G,A,PTS,PS,EV,PPG,SHG,GW,EVA,PPA,SHA,S,S%,TOI,ATOI,BLK,HIT,FOW,FOL,FO%,CAP HIT,exchange cap
0,Evgeni Malkin,C,82,35,78,113,12.6,19,14,2,4,51,27,0,290,12.1,1846,22:31,39,80,283,385,42.4,984200,740899.0
1,Alex Ovechkin,LW,79,56,54,110,14.5,36,19,1,10,27,27,0,528,10.6,1817,23:00,32,243,8,24,25.0,9538462,13187576.0
2,Sidney Crosby,C,77,33,70,103,11.1,26,7,0,3,36,33,1,238,13.9,1690,21:57,42,80,829,786,51.3,8700000,11967592.0
3,Pavel Datsyuk,C,81,32,65,97,11.5,20,11,1,3,39,25,1,248,12.9,1556,19:13,33,75,621,489,55.9,6700000,9057539.0
4,Zach Parise,LW,82,45,49,94,12.8,31,14,0,8,30,16,3,364,12.4,1538,18:45,17,65,54,66,45.0,3125000,3855820.0
5,Ryan Getzlaf,C,81,25,66,91,9.2,16,9,0,2,38,28,0,227,11.0,1631,20:08,43,134,566,562,50.2,5325000,7056878.0
6,Ilya Kovalchuk,LW,79,43,48,91,10.3,31,12,0,6,23,24,1,275,15.6,1723,21:48,15,43,5,9,35.7,6400000,8621031.0
7,Nicklas Bäckström,C,82,22,66,88,9.2,8,14,0,1,38,28,0,174,12.6,1635,19:57,46,52,570,601,48.7,850000,545634.0
8,Marc Savard,C,82,25,63,88,9.8,16,9,0,5,40,21,2,213,11.7,1602,19:32,19,24,635,641,49.8,5000000,6583994.0
9,Joe Thornton,C,82,25,61,86,9.5,14,11,0,3,37,24,0,139,18.0,1596,19:28,24,81,718,577,55.4,7200000,9785052.0
10,Jeff Carter,C,82,46,38,84,11.7,29,13,4,12,27,11,0,342,13.5,1718,20:57,53,54,833,892,48.3,5000000,6583994.0
11,Mike Cammalleri,LW,81,39,43,82,9.8,20,19,0,6,28,15,0,255,15.3,1422,17:33,18,21,217,143,60.3,3350000,4183201.0
12,Mike Richards,C,79,30,50,80,9.4,15,8,7,4,23,25,2,238,12.6,1717,21:44,90,147,813,847,49.0,5750000,7675264.0
13,Rick Nash,LW,78,40,39,79,10.1,29,6,5,5,25,13,1,263,15.2,1650,21:10,29,71,5,13,27.8,5400000,7166005.0
14,Alexander Semin,RW,62,34,45,79,10.7,26,8,0,8,21,22,2,223,15.2,1193,19:14,10,22,12,12,50.0,4600000,6001984.0
15,Mike Ribeiro,C,82,22,56,78,7.1,15,7,0,1,40,16,0,163,13.5,1718,20:57,28,117,563,677,45.4,5000000,6583994.0
16,Ray Whitney,LW,82,24,53,77,8.2,17,7,0,2,30,23,0,219,11.0,1510,18:25,26,27,2,2,50.0,3550000,4474206.0
17,Eric Staal,C,82,40,35,75,9.8,25,14,1,8,24,10,1,372,10.8,1726,21:03,37,61,718,868,45.3,4500000,5856481.0
18,Shane Doan,RW,82,31,42,73,8.3,21,10,0,4,25,15,2,230,13.5,1660,20:15,32,188,159,201,44.2,4550000,5929232.0
19,Mike Green,D,68,31,42,73,13.9,12,18,1,4,22,20,0,243,12.8,1752,25:46,110,86,0,0,,5250000,6947751.0
20,Jason Spezza,C,82,32,41,73,8.1,18,13,1,3,23,18,0,246,13.0,1615,19:41,22,26,787,690,53.3,7000000,9494047.0
21,Henrik Zetterberg,C,77,31,42,73,8.1,17,12,2,5,24,18,0,309,10.0,1531,19:53,31,54,624,546,53.3,2650000,3164682.0
22,Brad Boyes,RW,82,33,39,72,7.9,17,16,0,11,20,19,0,220,15.0,1570,19:08,20,49,155,160,49.2,4000000,5128968.0
23,Dany Heatley,LW,82,39,33,72,8.8,24,15,0,6,22,11,0,258,15.1,1649,20:07,24,87,14,16,46.7,7500000,10221560.0
24,Corey Perry,RW,78,32,40,72,8.5,22,10,0,8,26,14,0,283,11.3,1451,18:36,13,109,9,22,29.0,5325000,7056878.0
25,Patrick Marleau,LW,76,38,33,71,9.2,22,11,5,10,24,7,2,251,15.1,1623,21:21,23,98,310,281,52.5,6300000,8475529.0
26,Patrick Kane,RW,80,25,45,70,6.9,12,13,0,4,23,22,0,254,9.8,1493,18:40,9,19,13,18,41.9,875000,582010.0
27,Derek Roy,C,82,28,42,70,7.1,18,9,1,9,21,21,0,221,12.7,1738,21:12,44,41,745,724,50.7,4000000,5128968.0
28,Jamie Langenbrunner,RW,81,29,40,69,8.5,20,6,3,7,29,11,0,229,12.7,1466,18:06,28,88,10,15,40.0,2800000,3382936.0
29,Jonathan Toews,C,82,34,35,69,8.2,22,12,0,7,25,10,0,195,17.4,1527,18:38,26,43,704,583,54.7,850000,545634.0
30,Mikko Koivu,C,79,20,47,67,6.9,11,5,4,3,24,21,2,236,8.5,1697,21:29,36,45,857,768,52.7,3250000,4037698.0
31,Vincent Lecavalier,C,77,29,38,67,6.7,18,10,1,6,23,14,1,291,10.0,1559,20:15,29,110,710,684,50.9,6875000,9312169.0
32,Jason Pominville,RW,82,20,46,66,6.1,13,6,1,2,28,18,0,239,8.4,1620,19:46,50,44,25,42,37.3,1033333,812389.0
33,Devin Setoguchi,RW,81,31,34,65,8.4,20,11,0,3,22,12,0,246,12.6,1313,16:13,30,146,6,15,28.6,821667,504409.0
34,Andrei Markov,D,78,12,52,64,9.7,5,7,0,3,19,32,1,165,7.3,1921,24:38,111,61,0,0,,5750000,7675264.0
35,Thomas Vanek,LW,73,40,24,64,8.7,18,20,2,5,18,6,0,211,19.0,1255,17:12,27,34,1,5,16.7,7142857,9701908.0
36,Jason Blake,LW,78,25,38,63,6.2,19,5,1,5,24,13,1,302,8.3,1431,18:21,27,54,36,41,46.8,4000000,5128968.0
37,Loui Eriksson,LW,82,36,27,63,7.9,28,7,1,4,22,5,0,178,20.2,1626,19:50,51,31,2,9,18.2,1600000,1636904.0
38,Travis Zajac,C,82,20,42,62,7.0,14,5,1,2,29,10,3,185,10.8,1529,18:39,40,59,683,604,53.1,984200,740899.0
39,Alexei Ponikarovsky,LW,82,23,38,61,6.4,18,5,0,3,30,8,0,185,12.4,1294,15:47,53,104,6,5,54.5,2105000,2371693.0
40,Stephen Weiss,C,78,14,47,61,6.1,9,4,1,4,30,17,0,154,9.1,1389,17:48,52,30,650,627,50.9,3100000,3819444.0
41,David Booth,LW,72,31,29,60,7.7,20,11,0,5,23,5,1,246,12.6,1231,17:05,20,91,7,10,41.2,600000,181878.0
42,Brian Gionta,RW,81,20,40,60,6.3,14,3,3,1,31,8,1,248,8.1,1374,16:58,28,44,51,81,38.6,4000000,5128968.0
43,Scott Hartnell,LW,82,30,30,60,7.5,23,6,1,5,23,7,0,210,14.3,1460,17:48,36,104,18,18,50.0,4200000,5419973.0
44,Phil Kessel,RW,70,36,24,60,8.8,28,8,0,6,17,7,0,232,15.5,1159,16:34,16,6,42,45,48.3,850000,545634.0
45,Ryan Kesler,C,82,26,33,59,6.2,14,10,2,2,23,8,2,179,14.5,1596,19:28,70,70,524,445,54.1,1750000,1855158.0
46,Joe Pavelski,C,80,25,34,59,6.4,14,8,3,3,18,15,1,266,9.4,1517,18:58,74,82,718,556,56.4,1637500,1691468.0
47,Brian Rafalski,D,78,10,49,59,9.4,5,5,0,1,26,23,0,141,7.1,1808,23:10,64,31,0,0,,6000000,8039021.0
48,Ryan Smyth,LW,77,26,33,59,6.0,15,10,1,3,23,10,0,257,10.1,1562,20:17,31,46,89,85,51.1,6250000,8402777.0
49,Scott Gomez,C,77,16,42,58,5.3,12,3,1,7,28,14,0,271,5.9,1622,21:04,23,61,687,625,52.4,7357143,10013700.0
50,Nikolai Zherdev,RW,82,23,35,58,6.7,18,4,1,3,28,7,0,219,10.5,1380,16:50,15,49,1,10,9.1,2500000,2946428.0
51,Jason Arnott,C,65,33,24,57,7.5,24,9,0,5,16,8,0,196,16.8,1229,18:55,18,34,525,512,50.6,4500000,5856481.0
52,Dan Boyle,D,77,16,41,57,10.6,8,8,0,4,16,24,1,213,7.5,1908,24:46,95,51,0,1,0.0,6666666,9009037.0
53,Olli Jokinen,C,76,29,28,57,6.0,18,9,2,3,17,11,0,236,12.3,1435,18:53,23,72,413,539,43.4,5250000,6947751.0
54,Bobby Ryan,RW,64,31,26,57,7.8,19,12,0,3,15,11,0,174,17.8,988,15:26,10,78,6,7,46.2,821667,504409.0
55,Chris Drury,C,81,22,34,56,5.4,11,10,1,2,23,10,1,219,10.0,1640,20:15,90,42,603,580,51.0,7050000,9566798.0
56,Mark Streit,D,74,16,40,56,10.1,5,10,1,1,20,19,1,150,10.7,1866,25:13,113,114,0,0,,4100000,5274470.0
57,Matt Stajan,C,76,15,40,55,4.5,9,5,1,1,32,6,2,114,13.2,1287,16:56,46,112,598,564,51.5,1750000,1855158.0
58,David Backes,RW,82,31,23,54,6.6,23,6,2,1,17,5,1,208,14.9,1451,17:41,52,204,212,265,44.4,2500000,2946428.0
59,Tuomo Ruutu,LW,79,26,28,54,6.0,16,10,0,4,21,7,0,190,13.7,1447,18:19,44,228,19,18,51.4,2250000,2582671.0
60,Dustin Brown,RW,80,24,29,53,5.4,17,7,0,6,18,11,0,292,8.2,1552,19:24,22,285,25,29,46.3,3175000,3928571.0
61,Shawn Horcoff,C,80,17,36,53,4.3,9,8,0,2,23,13,0,178,9.6,1709,21:22,45,30,947,808,54.0,3600000,4546957.0
62,Chris Kunitz,LW,82,23,30,53,5.9,17,6,0,3,23,6,1,178,12.9,1348,16:26,25,207,13,14,48.1,3725000,4728835.0
63,Brooks Laich,C,82,23,30,53,5.3,13,9,1,3,14,15,1,185,12.4,1417,17:17,42,99,261,250,51.1,2066667,2315917.0
64,Michael Ryder,RW,74,27,26,53,7.4,17,10,0,7,19,7,0,185,14.6,1104,14:55,19,103,7,8,46.7,4000000,5128968.0
65,Sheldon Souray,D,81,23,30,53,9.4,10,12,1,5,19,11,0,268,8.6,2012,24:51,69,82,0,0,,5400000,7166005.0
66,Kris Versteeg,LW,78,22,31,53,5.8,12,6,4,3,18,10,3,139,15.8,1329,17:02,23,43,124,142,46.6,491667,24250.0
67,Shea Weber,D,81,23,30,53,10.5,12,10,1,4,20,9,1,251,9.2,1942,23:58,95,192,0,0,,4500000,5856481.0
68,Brian Campbell,D,82,7,45,52,7.8,3,4,0,1,25,20,0,108,6.5,1851,22:34,72,34,0,0,,7142875,9701934.0
69,Ryane Clowe,LW,71,22,30,52,5.9,11,11,0,1,17,13,0,161,13.7,1262,17:47,22,135,49,71,40.8,1600000,1636904.0
70,Rod Brind'Amour,C,80,16,35,51,3.6,9,6,1,1,16,18,1,135,11.9,1518,18:58,35,76,908,580,61.0,3600000,4546957.0
71,Alexandre Burrows,LW,82,28,23,51,6.6,24,0,4,3,22,0,1,175,16.0,1382,16:51,38,67,37,43,46.3,483333,12124.0
72,Niklas Kronwall,D,80,6,45,51,7.0,2,4,0,1,26,18,1,121,5.0,1832,22:54,106,94,1,0,100.0,3000000,3673941.0
73,Bryan Little,RW,79,31,20,51,5.8,19,12,0,4,12,8,0,172,18.0,1337,16:55,17,40,93,121,43.5,850000,545634.0
74,Martin Erat,RW,71,17,33,50,4.6,14,3,0,3,18,13,2,149,11.4,1318,18:34,17,36,11,27,28.9,4500000,5856481.0
75,Joffrey Lupul,RW,79,25,25,50,5.7,19,6,0,4,16,9,0,194,12.9,1239,15:41,38,79,10,11,47.6,2311667,2672399.0
76,David Perron,LW,81,15,35,50,5.6,11,4,0,3,24,11,0,161,9.3,1177,14:32,18,78,1,5,16.7,875000,582010.0
77,Dennis Wideman,D,79,13,37,50,10.5,6,6,1,2,18,19,0,169,7.7,1947,24:39,127,66,0,0,,3937500,5038029.0
78,Andrew Ladd,LW,82,15,34,49,5.4,15,0,0,2,32,1,1,195,7.7,1180,14:24,22,117,10,32,23.8,1550000,1564153.0
79,Jordan Staal,C,82,22,27,49,4.5,19,2,1,3,20,4,3,166,13.3,1627,19:51,55,156,567,639,47.0,850000,545634.0
80,Cory Stillman,LW,63,17,32,49,5.1,9,8,0,2,19,13,0,115,14.8,1045,16:35,20,67,11,19,36.7,3533333,4449955.0
81,Keith Tkachuk,LW,79,25,24,49,5.3,11,14,0,4,17,7,0,185,13.5,1340,16:57,23,122,472,446,51.4,4000000,5128968.0
82,Craig Conroy,C,82,12,36,48,4.7,11,0,1,1,35,0,1,104,11.5,1261,15:22,49,42,722,645,52.8,1050000,836640.0
83,Mikhail Grabovski,C,78,20,28,48,4.2,14,6,0,2,19,9,0,120,16.7,1265,16:13,30,45,418,524,44.4,850000,545634.0
84,Bill Guerin,RW,78,21,27,48,4.5,16,5,0,4,14,13,0,226,9.3,1300,16:40,29,72,30,34,46.9,4500000,5856481.0
85,Brad Richards,C,56,16,32,48,4.4,11,5,0,2,16,14,2,180,8.9,1147,20:29,22,11,461,450,50.6,7800000,10658068.0
86,Patrik Berglund,C,76,21,26,47,6.2,14,7,0,1,11,15,0,143,14.7,1119,14:43,14,58,215,325,39.8,821667,504409.0
87,Dave Bolland,C,81,19,28,47,5.1,15,2,2,4,25,1,2,111,17.1,1333,16:27,40,67,521,655,44.3,845833,539571.0
88,Tim Connolly,C,48,18,29,47,5.7,12,5,1,5,16,13,0,126,14.3,918,19:07,37,17,229,315,42.1,2900000,3528439.0
89,Dion Phaneuf,D,80,11,36,47,6.9,7,4,0,4,19,17,0,277,4.0,2122,26:32,85,157,0,0,,6500000,8766534.0
90,Jason Williams,RW,80,19,28,47,4.4,12,7,0,4,21,7,0,153,12.4,1269,15:51,32,45,284,334,46.0,2200000,2509920.0
91,Pierre-Marc Bouchard,LW,71,16,30,46,4.7,14,2,0,1,16,14,0,142,11.3,1205,16:59,12,7,11,8,57.9,4080000,5245370.0
92,Matthew Lombardi,C,69,14,32,46,4.6,12,1,1,2,25,7,0,177,7.9,1220,17:41,38,43,432,391,52.5,1816667,1952160.0
93,Steve Ott,C,64,19,27,46,4.8,14,5,0,0,20,7,0,132,14.4,1125,17:35,23,220,80,92,46.5,1425000,1382275.0
94,Steven Stamkos,C,79,23,23,46,4.5,14,9,0,1,15,8,0,181,12.7,1180,14:56,17,75,253,304,45.4,875000,582010.0
95,R.J. Umberger,C,82,26,20,46,4.5,17,9,0,2,17,2,1,234,11.1,1539,18:46,52,92,404,437,48.0,3750000,4765211.0
96,Michael Frolík,C,79,21,24,45,5.2,20,1,0,2,13,11,0,158,13.3,1170,14:48,24,46,27,40,40.3,850000,545634.0
97,Tom Gilbert,D,82,5,40,45,6.9,3,2,0,1,25,14,1,107,4.7,1802,21:58,136,47,0,0,,4000000,5128968.0
98,Nathan Horton,C,67,22,23,45,4.6,16,5,1,5,14,9,0,131,16.8,1196,17:51,14,95,377,486,43.7,4000000,5128968.0
99,Ryan Malone,LW,70,26,19,45,5.2,19,7,0,3,15,4,0,124,21.0,1243,17:45,23,173,14,33,29.8,4500000,5856481.0
100,Dominic Moore,C,81,13,32,45,3.3,8,4,1,1,27,5,0,165,7.9,1364,16:50,37,72,665,567,54.0,900000,618386.0
101,Drew Stafford,RW,79,20,25,45,4.8,11,9,0,0,17,8,0,183,10.9,1235,15:38,18,80,4,16,20.0,984200,740899.0
102,Ryan Suter,D,82,7,38,45,6.7,4,3,0,3,23,15,0,143,4.9,1989,24:16,93,87,0,0,,3500000,4401455.0
103,Blake Wheeler,RW,81,21,24,45,6.2,16,3,2,3,21,2,1,150,14.0,1109,13:41,26,47,13,21,38.2,875000,582010.0
104,Todd Bertuzzi,LW,66,15,29,44,3.3,9,6,0,4,19,10,0,127,11.8,1228,18:36,20,59,21,24,46.7,1950000,2146164.0
105,Duncan Keith,D,77,8,36,44,9.4,5,2,1,1,27,9,0,173,4.6,1969,25:34,92,40,0,0,,1475000,1455026.0
106,Andy McDonald,C,46,15,29,44,4.4,8,6,1,1,16,13,0,128,11.7,877,19:05,18,24,213,154,58.0,3333333,4158950.0
107,Antti Miettinen,RW,82,15,29,44,4.1,9,4,2,3,19,9,1,186,8.1,1499,18:17,27,69,28,32,46.7,2333333,2703923.0
108,Rich Peverley,C,66,15,29,44,4.8,12,2,1,5,23,5,1,117,12.8,1062,16:05,24,25,354,330,51.8,487500,18187.0
109,Patrick Sharp,C,61,26,18,44,5.4,17,9,0,4,8,9,1,184,14.1,1095,17:57,21,44,258,307,45.7,3900000,4983465.0
110,Lee Stempniak,RW,75,14,30,44,3.2,11,3,0,1,19,10,1,171,8.2,1240,16:32,37,107,4,9,30.8,2500000,2946428.0
111,Kevin Bieksa,D,72,11,32,43,6.7,6,5,0,2,10,20,2,153,7.2,1691,23:29,59,112,0,0,,3750000,4765211.0
112,Matt Cullen,C,69,22,21,43,5.3,16,4,2,2,15,3,3,139,15.8,1159,16:48,44,41,457,427,51.7,2875000,3492063.0
113,Patrick O'Sullivan,LW,81,16,27,43,3.7,13,2,1,1,20,7,0,259,6.2,1551,19:09,36,66,41,58,41.4,2925000,3564814.0
114,Kimmo Timonen,D,77,3,40,43,7.6,1,2,0,0,13,26,1,104,2.9,1888,24:31,164,65,0,2,0.0,6333333,8524029.0
115,Jay Bouwmeester,D,82,15,27,42,7.7,6,9,0,2,15,11,1,182,8.2,2213,26:59,128,115,0,0,,4875000,6402116.0
116,Erik Cole,LW,80,18,24,42,3.6,13,5,0,1,20,4,0,178,10.1,1409,17:37,43,180,20,29,40.8,4000000,5128968.0
117,Christian Ehrhoff,D,77,8,34,42,6.4,3,5,0,2,14,20,0,165,4.8,1635,21:14,90,79,0,0,,3100000,3819444.0
118,Niklas Hagman,LW,65,22,20,42,4.2,16,6,0,3,13,7,0,168,13.1,1110,17:05,24,22,0,1,0.0,3000000,3673941.0
119,Chuck Kobasew,RW,68,21,21,42,4.9,15,6,0,3,18,3,0,129,16.3,999,14:41,27,100,5,20,20.0,2333333,2703923.0
120,David Legwand,C,73,20,22,42,4.1,16,1,3,1,15,6,1,175,11.4,1419,19:27,23,25,509,514,49.8,4500000,5856481.0
121,Milan Lucic,LW,72,17,25,42,4.8,15,2,0,3,19,6,0,97,17.5,1076,14:57,32,259,5,4,55.6,618333,208553.0
122,Wojtek Wolski,LW,78,14,28,42,3.2,11,2,1,3,19,9,0,169,8.3,1434,18:23,41,55,248,267,48.2,2800000,3382936.0
123,Brandon Dubinsky,C,82,13,28,41,3.4,9,3,1,7,22,5,1,188,6.9,1364,16:38,24,251,466,404,53.6,633333,230378.0
124,Sam Gagner,C,76,16,25,41,3.4,10,6,0,1,20,5,0,156,10.3,1274,16:46,13,28,290,399,42.1,875000,582010.0
125,Andrei Kostitsyn,LW,74,23,18,41,4.5,17,6,0,2,9,9,0,169,13.6,1154,15:35,23,124,3,3,50.0,3250000,4037698.0
126,Jarret Stoll,C,74,18,23,41,4.2,8,10,0,1,11,12,0,155,11.6,1264,17:05,41,160,599,448,57.2,3600000,4546957.0
127,Alex Tanguay,LW,50,16,25,41,5.2,11,5,0,3,14,11,0,76,21.1,805,16:05,13,47,3,6,33.3,5250000,6947751.0
128,Antoine Vermette,C,79,16,25,41,3.5,12,3,1,1,16,9,0,174,9.2,1450,18:22,32,80,642,470,57.7,2762500,3328373.0
129,Colby Armstrong,RW,82,22,18,40,4.3,19,3,0,2,17,1,0,141,15.6,1243,15:09,23,88,8,20,28.6,1200000,1054894.0
130,Cam Barker,D,68,6,34,40,5.2,1,5,0,1,9,24,1,101,5.9,1247,18:20,42,83,0,1,0.0,885767,597676.0
131,Rene Bourque,LW,58,21,19,40,5.3,20,0,1,0,18,1,0,149,14.1,933,16:05,30,79,9,9,50.0,1350000,1273148.0
132,Ryan Callahan,RW,81,22,18,40,4.7,19,2,1,1,16,2,0,237,9.3,1382,17:04,32,265,7,3,70.0,575000,145502.0
133,Daniel Cleary,RW,74,14,26,40,3.0,11,3,0,3,23,3,0,163,8.6,1253,16:56,36,107,67,54,55.4,2800000,3382936.0
134,Valtteri Filppula,C,80,12,28,40,3.1,11,1,0,1,25,3,0,129,9.3,1288,16:06,17,41,405,370,52.3,3000000,3673941.0
135,Curtis Glencross,LW,74,13,27,40,4.0,11,1,1,3,23,4,0,152,8.6,1086,14:41,29,123,26,28,48.1,1200000,1054894.0
136,Filip Kuba,D,71,3,37,40,7.1,1,2,0,0,13,24,0,111,2.7,1653,23:17,111,44,0,0,,3000000,3673941.0
137,Pavel Kubina,D,82,14,26,40,5.2,5,9,0,4,13,13,0,184,7.6,1808,22:03,133,89,0,0,,5000000,6583994.0
138,Mikael Samuelsson,RW,81,19,21,40,3.5,12,7,0,1,8,13,0,257,7.4,1245,15:22,23,91,2,6,25.0,1200000,1054894.0
139,Dainius Zubrus,C,82,15,25,40,3.7,14,1,0,3,15,10,0,130,11.5,1252,15:16,16,98,473,450,51.2,3400000,4255952.0
140,Patrice Bergeron,C,64,8,31,39,2.8,6,1,1,1,16,13,2,155,5.2,1151,17:59,42,57,549,456,54.6,4750000,6220238.0
141,Denis Grebeshkov,D,72,7,32,39,6.8,5,2,0,0,21,11,0,62,11.3,1524,21:10,87,46,0,0,,1500000,1491402.0
142,Ron Hainsey,D,81,6,33,39,4.2,2,4,0,0,19,14,0,148,4.1,1812,22:22,127,60,0,0,,4500000,5856481.0
143,Robert Lang,C,50,18,21,39,4.8,9,8,1,3,11,9,1,101,17.8,844,16:53,24,17,375,393,48.8,4000000,5128968.0
144,John-Michael Liles,D,75,12,27,39,6.2,6,6,0,1,12,15,0,146,8.2,1616,21:33,106,58,0,0,,4200000,5419973.0
145,Bryan McCabe,D,69,15,24,39,7.0,7,8,0,3,13,11,0,153,9.8,1596,23:08,92,72,0,0,,5750000,7675264.0
146,Kyle Okposo,RW,65,18,21,39,3.8,9,9,0,3,16,4,1,165,10.9,1171,18:01,30,64,5,10,33.3,821667,504409.0
147,T.J. Oshie,C,57,14,25,39,4.8,7,6,1,1,15,7,3,101,13.9,945,16:35,21,66,47,62,43.1,850000,545634.0
148,Andrew Cogliano,C,82,18,20,38,3.3,14,4,0,4,15,5,0,116,15.5,1181,14:24,39,57,261,441,37.2,850000,545634.0
149,Joe Corvo,D,81,14,24,38,7.7,5,8,1,6,10,14,0,213,6.6,1970,24:19,89,41,0,0,,2625000,3128306.0
150,Kyle Quincey,D,72,4,34,38,6.6,2,2,0,2,8,25,1,150,2.7,1511,20:59,75,116,0,0,,525000,72751.0
151,Doug Weight,C,53,10,28,38,2.8,5,5,0,0,11,16,1,96,10.4,969,18:17,31,38,306,373,45.1,1750000,1855158.0
152,Alexander Edler,D,80,10,27,37,7.2,5,5,0,1,11,16,0,145,6.9,1690,21:08,93,101,1,0,100.0,550000,109126.0
153,James Neal,LW,77,24,13,37,3.7,15,9,0,2,12,1,0,171,14.0,1222,15:52,27,194,11,20,35.5,646667,249780.0
154,Dustin Penner,LW,78,17,20,37,3.6,12,5,0,5,14,6,0,137,12.4,1200,15:23,33,77,54,60,47.4,4250000,5492724.0
155,Ed Jovanovski,D,82,9,27,36,5.6,3,6,0,3,15,12,0,194,4.6,1817,22:10,109,130,0,1,0.0,6500000,8766534.0
156,Peter Mueller,RW,72,13,23,36,2.9,8,5,0,4,17,6,0,138,9.4,1158,16:05,24,35,41,51,44.6,850000,545634.0
157,Paul Stastny,C,45,11,25,36,3.1,4,7,0,2,13,12,0,118,9.3,956,21:14,37,19,440,410,51.8,643333,244928.0
158,Marc-Édouard Vlasic,D,82,6,30,36,8.2,3,3,0,1,11,18,1,104,5.8,1960,23:54,122,56,0,0,,735000,378306.0
159,Anton Babchuk,D,72,16,19,35,7.9,7,9,0,4,13,6,0,127,12.6,1301,18:04,115,22,0,0,,1000000,763888.0
160,Tyler Kennedy,C,67,15,20,35,4.0,15,0,0,3,18,2,0,171,8.8,923,13:46,10,47,42,36,53.8,541667,97002.0
161,Manny Malhotra,C,77,11,24,35,2.7,11,0,0,3,17,6,1,116,9.5,1387,18:01,52,74,801,578,58.1,1200000,1054894.0
162,Matt Niskanen,D,80,6,29,35,4.8,4,2,0,0,21,8,0,111,5.4,1598,19:58,64,87,0,0,,675000,291005.0
163,Joel Ward,RW,79,17,18,35,3.4,12,3,2,2,16,1,1,133,12.8,1265,16:01,69,65,20,26,43.5,500000,36375.0
164,Keith Ballard,D,82,6,28,34,6.9,5,1,0,1,23,4,1,106,5.7,1835,22:23,136,172,0,1,0.0,2275000,2619047.0
165,Fedor Tyutin,D,82,9,25,34,6.4,3,5,1,0,13,12,0,167,5.4,1928,23:31,98,103,1,0,100.0,2843750,3446593.0
166,Scottie Upshall,RW,74,15,19,34,3.5,10,5,0,1,17,2,0,192,7.8,1080,14:36,27,93,5,13,27.8,1225000,1091269.0
167,Kris Letang,D,74,10,23,33,4.8,5,4,1,3,16,7,0,138,7.2,1565,21:09,127,111,0,1,0.0,623333,215828.0
168,Paul Martin,D,73,5,28,33,7.0,3,2,0,1,11,16,1,107,4.7,1779,24:22,79,40,0,0,,3833333,4886463.0
169,Frans Nielsen,C,59,9,24,33,2.6,5,3,1,2,10,13,1,101,8.9,976,16:32,39,29,358,400,47.2,525000,72751.0
170,Michael Nylander,C,72,9,24,33,2.5,5,4,0,2,18,6,0,87,10.3,1011,14:02,16,9,290,342,45.9,4875000,6402116.0
171,Steve Bernier,RW,81,15,17,32,3.0,13,2,0,4,12,5,0,137,10.9,1121,13:50,41,145,5,16,23.8,2500000,2946428.0
172,Gregory Campbell,C,77,13,19,32,2.3,12,1,0,1,17,1,1,135,9.6,1292,16:47,82,202,509,509,50.0,762500,418320.0
173,David Clarkson,RW,82,17,15,32,3.2,13,4,0,3,13,2,0,158,10.8,988,12:03,13,134,2,5,28.6,837500,527447.0
174,Andrew Ebbett,C,48,8,24,32,3.2,2,6,0,0,19,5,0,100,8.0,666,13:52,22,34,221,234,48.6,487500,18187.0
175,Toby Enström,D,82,5,27,32,5.8,2,2,1,1,13,12,2,86,5.8,1929,23:32,120,29,1,1,50.0,750000,400132.0
176,Mike Fisher,C,78,13,19,32,2.6,10,1,2,3,14,5,0,182,7.1,1443,18:30,54,211,535,509,51.2,4200000,5419973.0
177,Nick Foligno,LW,81,17,15,32,3.1,10,7,0,2,8,7,0,145,11.7,1108,13:41,18,97,21,26,44.7,676667,293430.0
178,Brian Rolston,LW,64,15,17,32,3.2,7,8,0,3,9,8,0,174,8.6,967,15:06,9,42,83,97,46.1,5062500,6674933.0
179,Mathieu Schneider,D,67,9,23,32,4.2,3,6,0,2,10,12,1,128,7.0,1407,21:00,118,71,0,0,,5625000,7493386.0
180,Steve Sullivan,LW,41,11,21,32,3.3,8,3,0,2,14,7,0,83,13.3,758,18:29,6,15,0,4,0.0,3200000,3964947.0
181,Dustin Byfuglien,RW,77,15,16,31,2.9,12,3,0,4,12,4,0,202,7.4,1145,14:52,23,169,2,9,18.2,3000000,3673941.0
182,Matt Cooke,LW,76,13,18,31,2.5,13,0,0,1,17,1,0,86,15.1,1080,14:13,37,262,7,12,36.8,1200000,1054894.0
183,Martin Hanzal,C,74,11,20,31,2.2,9,0,2,2,17,2,1,97,11.3,1210,16:21,45,130,516,550,48.4,850000,545634.0
184,Trent Hunter,RW,55,14,17,31,2.9,9,5,0,2,11,5,1,154,9.1,901,16:23,25,135,5,15,25.0,2000000,2218915.0
185,Nikolai Kulemin,LW,73,15,16,31,2.4,13,2,0,1,9,7,0,129,11.6,1008,13:48,42,71,35,31,53.0,850000,545634.0
186,Chad Larose,LW,81,19,12,31,3.4,17,0,2,4,9,1,2,171,11.1,1226,15:08,43,121,5,13,27.8,875000,582010.0
187,Clarke MacArthur,LW,71,17,14,31,3.2,12,5,0,0,9,5,0,108,15.7,982,13:50,33,80,76,142,34.9,522500,69113.0
188,Chris Campoli,D,76,11,19,30,4.8,8,2,1,4,9,9,1,91,12.1,1485,19:32,86,81,0,0,,633333,230378.0
189,Carlo Colaiacovo,D,73,3,27,30,5.1,3,0,0,0,7,20,0,87,3.4,1333,18:16,82,64,0,0,,1283333,1176145.0
190,Marty Reasoner,C,79,14,16,30,2.6,13,0,1,2,11,0,5,131,10.7,1209,15:19,60,41,603,538,52.8,1000000,763888.0
191,Michal Rozsíval,D,76,8,22,30,6.2,5,3,0,2,9,11,2,120,6.7,1711,22:31,113,90,0,0,,5000000,6583994.0
192,Dennis Seidenberg,D,70,5,25,30,4.8,3,2,0,1,16,9,0,129,3.9,1563,22:20,160,146,0,0,,1200000,1054894.0
193,Keith Yandle,D,69,4,26,30,4.6,3,1,0,0,14,12,0,118,3.4,1147,16:37,63,46,0,0,,610000,196428.0
194,Jonathan Cheechoo,RW,66,12,17,29,2.5,6,5,1,4,13,4,0,152,7.9,1011,15:19,18,107,1,3,25.0,3000000,3673941.0
195,Paul Gaustad,C,62,12,17,29,2.7,8,3,1,1,12,5,0,122,9.8,999,16:06,39,141,452,406,52.7,2300000,2655423.0
196,John Mitchell,C,76,12,17,29,1.5,10,2,0,0,12,4,1,98,12.2,1049,13:48,48,88,326,342,48.8,487500,18187.0
197,Robert Nilsson,LW,64,9,20,29,2.1,5,4,0,1,13,7,0,77,11.7,972,15:11,14,37,4,6,40.0,2000000,2218915.0
198,Johnny Oduya,D,82,7,22,29,6.7,5,1,1,4,18,4,0,108,6.5,1712,20:52,127,50,0,0,,600000,181878.0
199,Erik Christensen,C,64,7,21,28,1.6,5,2,0,0,16,5,0,122,5.7,873,13:39,6,19,277,220,55.7,750000,400132.0
200,Braydon Coburn,D,80,7,21,28,5.5,4,3,0,0,11,8,2,130,5.4,1970,24:37,129,146,0,0,,1300000,1200396.0
201,Pascal Dupuis,LW,71,12,16,28,2.3,12,0,0,2,15,0,1,145,8.3,1010,14:13,30,68,3,13,18.8,1400000,1345899.0
202,Maxim Lapierre,C,79,15,13,28,2.9,12,1,2,2,13,0,0,165,9.1,1169,14:48,52,130,525,462,53.2,687500,309193.0
203,Alexander Steen,C,81,8,20,28,1.2,4,3,1,0,13,7,0,148,5.4,1323,16:20,54,38,102,127,44.5,1700000,1782407.0
204,Kyle Brodziak,C,79,11,16,27,2.2,9,1,1,3,14,1,1,99,11.1,1005,12:43,55,60,489,458,51.6,497500,32738.0
205,Brent Burns,D,59,8,19,27,5.5,4,4,0,2,9,10,0,147,5.4,1323,22:25,62,58,3,2,60.0,3550000,4474206.0
206,Mike Comrie,C,63,10,17,27,1.7,8,2,0,1,12,4,1,121,8.3,989,15:42,34,39,171,246,41.0,4000000,5128968.0
207,Drew Doughty,D,81,6,21,27,5.3,3,3,0,1,8,13,0,126,4.8,1930,23:50,114,90,0,0,,875000,582010.0
208,Claude Giroux,RW,42,9,18,27,3.1,7,2,0,0,14,4,0,67,13.4,637,15:10,18,41,146,163,47.2,821667,504409.0
209,Andy Hilbert,C,67,11,16,27,2.1,9,1,1,0,12,3,1,167,6.6,1082,16:09,85,41,71,115,38.2,675000,291005.0
210,Matt Hunwick,D,53,6,21,27,5.3,6,0,0,1,13,8,0,58,10.3,900,16:59,50,45,0,0,,750000,400132.0
211,Jussi Jokinen,LW,71,7,20,27,1.2,5,2,0,1,13,7,0,101,6.9,1087,15:19,43,31,361,312,53.6,1812500,1946097.0
212,Daniel Paille,LW,73,12,15,27,2.6,12,0,0,2,13,0,2,80,15.0,869,11:54,27,84,3,14,17.6,1125000,945767.0
213,Kyle Wellwood,C,74,18,9,27,2.9,8,10,0,3,6,3,0,94,19.1,1021,13:48,19,14,350,264,57.0,997500,760251.0
214,Troy Brouwer,RW,69,10,16,26,2.0,5,4,1,0,12,4,0,126,7.9,1041,15:05,19,125,9,11,45.0,675000,291005.0
215,Steve Eminger,D,71,5,21,26,4.1,3,2,0,1,11,10,0,85,5.9,1535,21:37,119,77,0,1,0.0,1200000,1054894.0
216,Dan Hamhuis,D,82,3,23,26,5.1,1,1,1,1,17,5,1,135,2.2,1873,22:50,113,133,0,0,,2000000,2218915.0
217,Guillaume Latendresse,RW,56,14,12,26,3.1,13,1,0,2,9,3,0,117,12.0,762,13:37,12,140,1,1,50.0,850000,545634.0
218,Jay McClement,C,82,12,14,26,1.5,9,0,3,3,14,0,0,137,8.8,1361,16:36,57,38,756,695,52.1,950000,691137.0
219,Wade Redden,D,81,3,23,26,5.6,1,2,0,0,16,6,1,161,1.9,1809,22:20,98,99,0,0,,6500000,8766534.0
220,Brent Seabrook,D,82,8,18,26,6.7,4,3,1,1,13,5,0,132,6.1,1912,23:19,113,224,0,0,,3500000,4401455.0
221,Ian White,D,71,10,16,26,4.9,8,2,0,2,12,3,1,158,6.3,1622,22:51,114,108,0,0,,850000,545634.0
222,Josh Bailey,C,68,7,18,25,1.0,4,3,0,0,10,8,0,74,9.5,1053,15:29,43,47,332,475,41.1,875000,582010.0
223,Derick Brassard,C,31,10,15,25,3.4,7,3,0,1,11,4,0,59,16.9,447,14:25,3,40,161,171,48.5,821667,504409.0
224,Daniel Brière,C,29,11,14,25,3.0,7,4,0,0,8,6,0,54,20.4,454,15:39,6,13,68,79,46.3,6500000,8766534.0
225,Blake Comeau,LW,53,7,18,25,1.2,5,2,0,0,11,7,0,78,9.0,863,16:17,18,90,14,31,31.1,691667,315256.0
226,Trevor Daley,D,75,7,18,25,5.0,7,0,0,2,16,1,1,104,6.7,1650,22:00,98,30,0,1,0.0,2300000,2655423.0
227,Eric Fehr,RW,61,12,13,25,2.9,11,1,0,2,12,1,0,134,9.0,686,11:15,10,24,1,2,33.3,735000,378306.0
228,Sami Salo,D,60,5,20,25,4.5,0,5,0,2,11,9,0,110,4.5,1211,20:11,65,44,0,0,,3500000,4401455.0
229,Sean Bergenheim,LW,59,15,9,24,2.6,11,0,4,5,9,0,0,152,9.9,841,14:15,32,83,9,13,40.9,862500,563822.0
230,Mike Commodore,D,81,5,19,24,5.6,5,0,0,0,17,2,0,103,4.9,1854,22:54,162,201,2,1,66.7,3750000,4765211.0
231,Jordan Leopold,D,83,7,17,24,4.1,6,1,0,1,13,3,1,107,6.5,1561,18:48,100,65,0,0,,1500000,1491402.0
232,Craig Rivet,D,64,2,22,24,4.3,1,1,0,0,11,10,1,80,2.5,1295,20:14,73,57,0,0,,3500000,4401455.0
233,James Sheppard,C,82,5,19,24,0.8,5,0,0,1,16,3,0,88,5.7,1245,15:11,47,69,361,509,41.5,850000,545634.0
234,James Wisniewski,D,48,3,21,24,4.2,2,1,0,0,11,10,0,89,3.4,953,19:51,60,90,0,0,,900000,618386.0
235,Marián Gáborík,RW,17,13,10,23,3.4,10,2,1,2,5,5,0,68,19.1,340,20:00,5,15,0,5,0.0,6333333,8524029.0
236,Josh Gorges,D,81,4,19,23,5.3,2,2,0,0,15,3,1,63,6.3,1630,20:08,161,94,0,1,0.0,1100000,909391.0
237,Chris Higgins,LW,57,12,11,23,2.0,8,2,2,1,9,2,0,151,7.9,969,17:00,39,79,29,28,50.9,1700000,1782407.0
238,Chris Kelly,C,82,12,11,23,1.3,11,0,1,1,9,0,2,118,10.2,1279,15:36,59,97,234,260,47.4,2125000,2400793.0
239,Sergei Kostitsyn,LW,56,8,15,23,1.8,3,5,0,1,10,5,0,74,10.8,792,14:08,21,49,3,6,33.3,565000,130952.0
240,Toni Lydman,D,80,3,20,23,4.5,3,0,0,0,14,5,1,99,3.0,1742,21:47,166,165,0,0,,2875000,3492063.0
241,John Madden,C,76,7,16,23,0.6,6,0,1,2,14,0,2,132,5.3,1248,16:25,49,64,599,561,51.6,2938500,3584457.0
242,Willie Mitchell,D,82,3,20,23,6.6,3,0,0,1,20,0,0,88,3.4,1879,22:55,125,81,0,1,0.0,3500000,4401455.0
243,Mason Raymond,LW,72,11,12,23,1.8,7,4,0,0,6,6,0,145,7.6,987,13:43,18,42,17,33,34.0,693333,317680.0
244,Wayne Simmonds,RW,82,9,14,23,1.5,7,2,0,2,10,3,1,127,7.1,1135,13:50,42,132,9,16,36.0,556667,118827.0
245,Ryan Whitney,D,48,2,21,23,2.2,1,1,0,0,11,10,0,71,2.8,1146,23:52,69,37,0,0,,4000000,5128968.0
246,Sean Avery,LW,41,8,14,22,2.3,6,2,0,0,11,3,0,99,8.1,646,15:45,7,89,9,9,50.0,3875000,4947089.0
247,Dustin Boyd,C,71,11,11,22,1.3,9,1,1,3,8,2,1,74,14.9,914,12:52,29,43,215,253,45.9,625000,218253.0
248,Jason Chimera,LW,49,8,14,22,2.1,7,1,0,1,13,1,0,115,7.0,796,16:15,11,61,18,24,42.9,1875000,2037037.0
249,B.J. Crombeen,RW,81,12,10,22,1.6,11,0,1,3,8,2,0,124,9.7,1031,12:43,14,87,3,4,42.9,550000,109126.0
250,Dan Girardi,D,82,4,18,22,4.5,2,2,0,1,13,5,0,122,3.3,1765,21:32,82,207,0,0,,1550000,1564153.0
251,Tom Kostopoulos,RW,78,8,14,22,1.2,7,0,1,0,13,0,1,121,6.6,1103,14:09,42,167,5,11,31.3,900000,618386.0
252,Chris Phillips,D,82,6,16,22,4.2,5,0,1,0,11,3,2,88,6.8,1793,21:52,114,113,0,0,,3500000,4401455.0
253,Maxime Talbot,C,75,12,10,22,1.1,10,0,2,1,9,1,0,102,11.8,1060,14:08,47,115,277,265,51.1,675000,291005.0
254,Brendan Bell,D,53,6,15,21,3.7,1,5,0,1,5,10,0,76,7.9,940,17:44,36,29,0,0,,500000,36375.0
255,Nick Boynton,D,68,5,16,21,4.2,5,0,0,1,13,3,0,104,4.8,1129,16:36,97,52,0,0,,2950000,3601190.0
256,Matt D'Agostini,RW,53,12,9,21,1.6,9,3,0,1,7,2,0,116,10.3,711,13:25,26,48,3,6,33.3,500000,36375.0
257,Nigel Dawes,LW,64,10,11,21,1.7,7,3,0,4,10,1,0,115,8.7,848,13:15,25,84,0,0,,587500,163690.0
258,Jannik Hansen,RW,55,6,15,21,1.7,6,0,0,1,14,0,1,64,9.4,688,12:31,20,25,2,10,16.7,508333,48500.0
259,Jan Hejda,D,82,3,18,21,6.1,3,0,0,1,17,0,1,66,4.5,1835,22:23,157,168,0,1,0.0,2000000,2218915.0
260,T.J. Hensick,C,61,4,17,21,1.2,3,1,0,0,12,5,0,116,3.4,787,12:54,22,14,241,269,47.3,706667,337081.0
261,Barret Jackman,D,82,4,17,21,3.8,2,1,1,0,15,1,1,89,4.5,1922,23:26,145,124,0,0,,3625000,4583333.0
262,Enver Lisin,RW,48,13,8,21,1.9,12,1,0,2,7,1,0,105,12.4,712,14:50,14,56,2,4,33.3,850000,545634.0
263,Paul Mara,D,76,5,16,21,5.2,4,1,0,0,5,10,1,102,4.9,1441,18:58,86,123,1,1,50.0,1950000,2146164.0
264,Steve Montador,D,78,4,17,21,5.0,4,0,0,0,16,1,0,117,3.4,1260,16:10,60,95,0,1,0.0,800000,472883.0
265,Kris Russell,D,66,2,19,21,2.6,1,1,0,1,9,10,0,86,2.3,1064,16:07,62,50,0,0,,550000,109126.0
266,Jarkko Ruutu,LW,78,7,14,21,1.6,6,0,1,0,12,0,2,89,7.9,913,11:43,37,148,2,6,25.0,1300000,1200396.0
267,Ruslan Salei,D,70,4,17,21,4.5,3,1,0,0,11,6,0,93,4.3,1477,21:06,143,107,0,0,,3025000,3710317.0
268,Brad Winchester,LW,64,13,8,21,2.3,8,5,0,3,5,3,0,82,15.9,778,12:10,20,127,9,11,45.0,600000,181878.0
269,Alex Goligoski,D,45,6,14,20,3.6,2,4,0,0,10,4,0,61,9.8,824,18:18,49,30,0,0,,845300,538796.0
270,Cody McLeod,LW,79,15,5,20,1.9,15,0,0,3,5,0,0,118,12.7,915,11:35,32,194,2,3,40.0,552500,112764.0
271,Derek Morris,D,75,5,15,20,3.8,4,0,1,0,9,5,1,120,4.2,1567,20:53,128,83,0,0,,3916667,5007716.0
272,Raffi Torres,LW,51,12,8,20,2.1,10,2,0,6,8,0,0,74,16.2,617,12:06,7,75,11,8,57.9,2250000,2582671.0
273,Kyle Turris,C,63,8,12,20,1.0,5,3,0,3,4,8,0,91,8.8,814,12:55,13,33,236,313,43.0,845833,539571.0
274,Zach Bogosian,D,47,9,10,19,4.2,6,2,1,1,7,3,0,90,10.0,851,18:06,50,67,0,0,,875000,582010.0
275,Bruno Gervais,D,69,3,16,19,2.9,3,0,0,1,12,3,1,82,3.7,1490,21:36,115,83,0,1,0.0,740833,386794.0
276,Mark Giordano,D,58,2,17,19,3.1,0,2,0,0,13,4,0,82,2.4,940,16:13,38,54,0,0,,891667,606261.0
277,Sergei Gonchar,D,25,6,13,19,3.4,1,5,0,1,5,8,0,71,8.5,630,25:11,38,25,0,0,,5000000,6583994.0
278,Niclas Hävelid,D,78,2,17,19,3.1,1,0,1,0,11,5,1,56,3.6,1613,20:40,190,41,0,0,,2700000,3237433.0
279,Kamil Kreps,C,66,4,15,19,0.8,3,0,1,1,15,0,0,77,5.2,922,13:58,33,43,439,431,50.5,682500,301917.0
280,Brett McLean,C,80,7,12,19,0.4,7,0,0,2,11,1,0,114,6.1,994,12:26,16,30,197,259,43.2,1700000,1782407.0
281,Brooks Orpik,D,79,2,17,19,3.9,1,1,0,0,16,1,0,39,5.1,1606,20:20,152,309,0,0,,3750000,4765211.0
282,Andrej Sekera,D,69,3,16,19,2.9,2,1,0,1,12,4,0,84,3.6,1428,20:42,94,64,0,1,0.0,650000,254629.0
283,David Steckel,C,76,8,11,19,0.9,6,0,2,1,10,0,1,103,7.8,1050,13:49,52,91,513,373,57.9,512500,54563.0
284,Chris Stewart,RW,53,11,8,19,1.4,9,1,1,1,5,3,0,98,11.2,653,12:20,8,80,7,14,33.3,811667,489859.0
285,Cal Clutterbuck,RW,78,11,7,18,1.5,10,1,0,1,7,0,0,136,8.1,1014,13:00,39,356,2,15,11.8,570833,139439.0
286,Jim Slater,C,60,8,10,18,1.4,6,0,2,0,10,0,0,94,8.5,675,11:15,42,85,245,217,53.0,775000,436507.0
287,Colin White,D,71,1,17,18,4.4,1,0,0,0,14,0,3,68,1.5,1350,19:01,109,126,0,1,0.0,3000000,3673941.0
288,Jesse Winchester,RW,76,3,15,18,1.0,3,0,0,1,15,0,0,115,2.6,805,10:35,21,116,113,86,56.8,550000,109126.0
289,Jeff Woywitka,D,65,3,15,18,4.5,1,2,0,1,9,6,0,71,4.2,1201,18:29,77,19,0,0,,725000,363756.0
290,Vernon Fiddler,LW,78,11,6,17,0.7,8,1,2,2,5,0,1,114,9.6,1089,13:58,31,83,331,281,54.1,850000,545634.0
291,Colin Fraser,C,81,6,11,17,0.8,5,0,1,0,9,1,1,67,9.0,883,10:54,47,58,376,409,47.9,500000,36375.0
292,Ryan Jones,LW,46,7,10,17,1.7,5,2,0,1,6,4,0,63,11.1,526,11:26,16,63,1,9,10.0,920300,647923.0
293,Marc Methot,D,66,4,13,17,3.9,4,0,0,0,13,0,0,58,6.9,1185,17:57,54,135,0,0,,522500,69113.0
294,Glen Metropolit,C,76,6,11,17,0.4,5,1,0,0,10,0,1,82,7.3,958,12:36,36,51,382,395,49.2,1000000,763888.0
295,Mark Stuart,D,82,5,12,17,4.7,5,0,0,1,11,1,0,61,8.2,1264,15:25,103,91,0,0,,1300000,1200396.0
296,Andrew Ference,D,47,1,15,16,3.0,0,1,0,0,9,6,0,72,1.4,1012,21:32,72,60,0,0,,1400000,1345899.0
297,Jeff Halpern,C,52,7,9,16,0.2,5,1,1,1,6,3,0,60,11.7,885,17:01,39,28,434,388,52.8,2000000,2218915.0
298,Brett Lebda,D,65,6,10,16,3.4,6,0,0,1,10,0,0,69,8.7,887,13:39,15,30,1,0,100.0,650000,254629.0
299,Jamie Lundmark,C,27,8,8,16,1.9,8,0,0,0,5,3,0,50,16.0,378,13:59,7,14,62,58,51.7,600000,181878.0
300,Jamal Mayers,RW,71,7,9,16,0.6,7,0,0,1,8,1,0,72,9.7,749,10:33,30,66,246,180,57.7,1333333,1248897.0
301,Dean McAmmond,LW,62,5,11,16,1.4,4,0,1,2,11,0,0,59,8.5,698,11:16,17,32,242,301,44.6,875000,582010.0
302,Travis Moen,LW,82,7,9,16,-0.5,4,0,3,2,9,0,0,101,6.9,1229,14:59,42,171,4,14,22.2,912500,636574.0
303,Teddy Purcell,RW,40,4,12,16,1.2,2,2,0,1,4,8,0,68,5.9,541,13:31,5,13,5,24,17.2,800000,472883.0
304,Bryce Salvador,D,76,3,13,16,3.0,3,0,0,2,11,0,2,68,4.4,1481,19:29,147,121,1,0,100.0,2900000,3528439.0
305,Rob Scuderi,D,81,1,15,16,4.5,1,0,0,0,15,0,0,51,2.0,1552,19:10,164,61,0,0,,712500,345568.0
306,Viktor Tikhonov,RW,61,8,8,16,1.2,7,1,0,1,7,0,1,71,11.3,740,12:08,20,39,23,37,38.3,875000,582010.0
307,Jordin Tootoo,RW,72,4,12,16,0.1,4,0,0,1,11,1,0,138,2.9,870,12:05,14,129,9,7,56.3,975000,727513.0
308,Darcy Tucker,RW,63,8,8,16,0.7,6,2,0,1,5,3,0,94,8.5,889,14:07,21,102,15,20,42.9,2250000,2582671.0
309,Ben Eager,LW,75,11,4,15,1.5,11,0,0,0,4,0,0,80,13.8,639,8:31,11,95,0,0,,600000,181878.0
310,Oscar Moller,C,40,7,8,15,1.5,2,5,0,0,4,4,0,81,8.6,535,13:22,11,46,37,49,43.0,654167,260692.0
311,Brenden Morrow,LW,18,5,10,15,1.2,3,2,0,0,7,3,0,52,9.6,384,21:21,10,53,3,6,33.3,4100000,5274470.0
312,Matt Pettinger,LW,59,8,7,15,0.5,6,2,0,1,7,0,0,82,9.8,727,12:19,31,93,3,15,16.7,1000000,763888.0
313,Roman Polák,D,69,1,14,15,2.5,1,0,0,1,7,5,2,73,1.4,1486,21:32,109,110,0,1,0.0,550000,109126.0
314,Marc Staal,D,82,3,12,15,4.2,3,0,0,1,10,1,1,96,3.1,1733,21:08,75,189,0,0,,793333,463182.0
315,Brad Stuart,D,67,2,13,15,2.2,1,1,0,0,13,0,0,105,1.9,1355,20:13,98,154,0,0,,3750000,4765211.0
316,Brian Sutherby,C,59,8,7,15,1.2,7,0,1,0,7,0,0,67,11.9,644,10:55,15,102,112,152,42.4,700000,327380.0
317,Darryl Sydor,D,73,3,12,15,3.3,3,0,0,0,9,3,0,73,4.1,1330,18:13,126,42,0,0,,2500000,2946428.0
318,Jeff Tambellini,LW,65,7,8,15,0.1,7,0,0,0,8,0,0,98,7.1,852,13:07,32,99,3,2,60.0,587500,163690.0
319,Chris Thorburn,RW,82,7,8,15,0.3,7,0,0,1,8,0,0,85,8.2,786,9:35,33,127,15,22,40.5,560000,123677.0
320,Scott Walker,RW,41,5,10,15,1.0,4,1,0,0,9,1,0,71,7.0,547,13:20,10,79,2,2,50.0,2500000,2946428.0
321,Jared Boll,RW,75,4,10,14,0.5,3,1,0,0,9,1,0,73,5.5,667,8:54,13,153,0,4,0.0,555000,116402.0
322,Daniel Carcillo,LW,74,3,11,14,-0.3,1,2,0,0,10,1,0,130,2.3,852,11:31,20,151,12,8,60.0,893750,609292.0
323,Patrick Eaves,RW,74,6,8,14,1.0,4,1,1,1,8,0,0,115,5.2,833,11:15,33,134,5,7,41.7,1400000,1345899.0
324,Boyd Gordon,C,63,5,9,14,0.2,4,0,1,2,9,0,0,69,7.2,848,13:28,43,33,374,293,56.1,725000,363756.0
325,Matt Greene,D,82,2,12,14,4.5,2,0,0,0,11,1,0,76,2.6,1619,19:44,167,202,1,0,100.0,1150000,982142.0
326,Lauri Korpikoski,LW,68,6,8,14,0.6,6,0,0,1,8,0,0,63,9.5,742,10:55,15,96,88,132,40.0,984200,740899.0
327,Alexandre Picard,D,47,6,8,14,3.1,0,6,0,1,4,4,0,72,8.3,887,18:52,52,49,0,0,,800000,472883.0
331,Luke Schenn,D,70,2,12,14,1.4,1,1,0,0,12,0,0,102,2.0,1507,21:32,115,204,0,0,,875000,582010.0
332,Justin Williams,RW,44,4,10,14,0.5,1,3,0,0,7,3,0,108,3.7,699,15:53,9,40,7,15,31.8,3500000,4401455.0
333,Andrew Alberts,D,79,1,12,13,2.7,1,0,0,0,11,0,1,46,2.2,1248,15:48,133,157,0,0,,1250000,1127645.0
334,Eric Boulton,LW,76,3,10,13,0.4,3,0,0,0,10,0,0,71,4.2,574,7:33,13,77,1,3,25.0,600000,181878.0
335,Chris Conner,RW,38,3,10,13,0.7,3,0,0,1,9,1,0,34,8.8,415,10:56,5,37,0,1,0.0,500000,36375.0
336,Todd Fedoruk,LW,72,6,7,13,0.3,6,0,0,0,7,0,0,56,10.7,763,10:36,15,125,4,11,26.7,1058333,848764.0
337,Dan Fritsche,C,50,5,8,13,0.9,3,1,1,0,7,1,0,54,9.3,532,10:38,11,53,41,53,43.6,875000,582010.0
338,David Jones,RW,40,8,5,13,1.1,7,1,0,1,4,1,0,47,17.0,509,12:44,13,54,4,4,50.0,550000,109126.0
339,Brian Lee,D,53,2,11,13,2.8,1,1,0,1,9,2,0,51,3.9,1001,18:53,67,58,0,0,,850000,545634.0
340,Andreas Lilja,D,60,2,11,13,3.1,2,0,0,0,11,0,0,60,3.3,1020,17:00,90,93,0,1,0.0,1250000,1127645.0
341,Shaone Morrisonn,D,72,3,10,13,2.7,3,0,0,1,10,0,0,50,6.0,1295,17:59,98,111,0,0,,2750000,3310185.0
342,Mark Parrish,RW,44,8,5,13,1.2,4,4,0,3,4,1,0,46,17.4,496,11:16,21,30,1,4,20.0,500000,36375.0
343,Paul Ranger,D,42,2,11,13,1.9,2,0,0,0,6,5,0,69,2.9,1029,24:30,72,63,0,0,,933333,666886.0
344,Jeremy Roenick,C,42,4,9,13,0.9,3,1,0,0,7,2,0,50,8.0,489,11:39,14,54,109,123,47.0,1100000,909391.0
345,Jerred Smithson,RW,82,4,9,13,-0.3,4,0,0,0,9,0,0,74,5.4,1135,13:51,50,140,380,342,52.6,500000,36375.0
346,Anton Strålman,D,38,1,12,13,1.6,1,0,0,1,7,5,0,43,2.3,592,15:34,36,34,1,0,100.0,615000,203703.0
347,Matt Ellis,LW,45,7,5,12,1.5,7,0,0,2,4,1,0,73,9.6,397,8:50,19,21,112,127,46.9,475000,0.0
348,Tim Gleason,D,70,0,12,12,3.2,0,0,0,0,10,1,1,61,0.0,1447,20:40,133,171,0,0,,2750000,3310185.0
349,Nicklas Grossmann,D,81,2,10,12,2.1,2,0,0,1,10,0,0,60,3.3,1429,17:39,100,178,0,0,,975000,727513.0
350,Peter Harrold,D,69,4,8,12,2.2,3,1,0,1,4,4,0,95,4.2,909,13:10,37,36,6,10,37.5,583333,157627.0
351,Shane Hnidy,D,65,3,9,12,2.7,2,1,0,1,9,0,0,49,6.1,1016,15:38,75,46,0,0,,757500,411044.0
352,Tim Jackman,RW,69,5,7,12,-0.2,4,0,1,0,7,0,0,99,5.1,811,11:45,50,151,7,15,31.8,600000,181878.0
353,Kevin Klein,D,63,4,8,12,2.5,3,1,0,0,8,0,0,41,9.8,798,12:40,47,57,0,0,,650000,254629.0
354,Cody McCormick,C,55,1,11,12,0.4,1,0,0,0,10,0,1,66,1.5,528,9:36,20,115,38,69,35.5,522500,69113.0
355,Nathan Oystrick,D,53,4,8,12,1.9,4,0,0,0,6,2,0,43,9.3,834,15:45,54,91,0,0,,577500,149140.0
356,Jeff Schultz,D,64,1,11,12,3.1,0,0,1,0,11,0,0,40,2.5,1265,19:46,93,53,0,0,,750000,400132.0
357,Matt Bradley,RW,81,5,6,11,0.0,5,0,0,1,6,0,0,98,5.1,859,10:37,16,115,10,14,41.7,1000000,763888.0
358,Marcel Goc,C,55,2,9,11,-0.1,2,0,0,1,9,0,0,104,1.9,765,13:55,17,83,332,238,58.2,775000,436507.0
359,Jack Johnson,D,41,6,5,11,1.7,3,3,0,0,2,3,0,50,12.0,831,20:17,51,68,0,0,,850000,545634.0
360,Ville Koistinen,D,38,3,8,11,2.2,2,1,0,2,4,4,0,42,7.1,559,14:42,23,45,0,1,0.0,700000,327380.0
361,Mike Komisarek,D,66,2,9,11,2.6,2,0,0,0,7,0,2,56,3.6,1361,20:37,207,191,0,0,,1700000,1782407.0
362,Andrew Murray,C,67,8,3,11,0.4,7,1,0,3,2,0,1,89,9.0,755,11:16,36,147,39,46,45.9,625000,218253.0
363,Max Pacioretty,LW,34,3,8,11,0.6,2,1,0,0,6,2,0,57,5.3,429,12:37,19,44,1,1,50.0,875000,582010.0
364,Darroll Powe,C,60,6,5,11,0.3,6,0,0,0,5,0,0,72,8.3,632,10:32,31,124,128,135,48.7,520000,65476.0
365,Nick Schultz,D,79,2,9,11,4.0,2,0,0,0,7,0,2,48,4.2,1624,20:33,152,78,0,1,0.0,3500000,4401455.0
366,Zack Stortini,RW,52,6,5,11,0.9,6,0,0,0,5,0,0,23,26.1,379,7:17,10,95,7,4,63.6,700000,327380.0
367,Shawn Thornton,LW,79,6,5,11,0.2,6,0,0,2,5,0,0,136,4.4,793,10:02,7,113,1,4,20.0,516666,60625.0
368,Greg Zanon,D,82,4,7,11,4.4,4,0,0,1,6,0,1,54,7.4,1710,20:51,237,153,0,0,,725000,363756.0
369,Jassen Cullimore,D,68,2,8,10,1.4,2,0,0,0,7,1,0,52,3.8,1142,16:48,62,58,0,0,,830000,516534.0
370,Hal Gill,D,62,2,8,10,2.7,2,0,0,0,8,0,0,40,5.0,1109,17:54,112,78,0,0,,2075000,2328042.0
371,Adam Hall,RW,74,5,5,10,-0.3,4,1,0,0,4,1,0,90,5.6,829,11:12,37,85,169,169,50.0,600000,181878.0
372,Scott Hannan,D,81,1,9,10,2.1,1,0,0,0,9,0,0,70,1.4,1812,22:22,162,56,0,1,0.0,4500000,5856481.0
373,Drew Miller,LW,27,4,6,10,0.8,4,0,0,0,5,0,1,45,8.9,351,12:59,11,15,3,11,21.4,525000,72751.0
374,Chris Neil,RW,60,3,7,10,-0.2,3,0,0,0,7,0,0,59,5.1,658,10:58,15,163,1,5,16.7,1100000,909391.0
375,Eric Nystrom,LW,76,5,5,10,0.0,4,0,1,3,3,0,2,83,6.0,704,9:16,35,76,11,18,37.9,687500,309193.0
376,Shane O'Brien,D,77,0,10,10,2.4,0,0,0,0,10,0,0,39,0.0,1149,14:55,51,79,0,0,,950000,691137.0
377,Jay Pandolfo,LW,61,5,5,10,-0.6,4,0,1,1,5,0,0,63,7.9,905,14:50,30,41,4,14,22.2,2500000,2946428.0
378,Adam Pardy,D,60,1,9,10,2.1,1,0,0,0,9,0,0,38,2.6,900,15:00,44,76,0,0,,500000,36375.0
379,George Parros,RW,74,5,5,10,1.0,5,0,0,0,5,0,0,47,10.6,463,6:16,14,89,0,3,0.0,550000,109126.0
380,Kevin Porter,C,34,5,5,10,0.7,4,1,0,2,4,1,0,39,12.8,463,13:38,13,37,28,67,29.5,885000,596560.0
381,Andy Sutton,D,23,2,8,10,2.0,2,0,0,0,8,0,0,19,10.5,465,20:14,60,30,0,0,,3000000,3673941.0
382,Anton Volchenkov,D,68,2,8,10,2.3,2,0,0,1,6,0,2,79,2.5,1370,20:08,180,182,0,0,,2500000,2946428.0
383,Niclas Wallin,D,64,2,8,10,2.4,2,0,0,1,8,0,0,53,3.8,1041,16:16,81,131,0,1,0.0,1725000,1818783.0
384,Aaron Ward,D,65,3,7,10,3.5,2,0,1,0,6,1,0,53,5.7,1236,19:01,120,148,0,0,,2500000,2946428.0
385,Krys Barch,RW,72,4,5,9,0.5,4,0,0,1,5,0,0,27,14.8,465,6:27,14,123,2,5,28.6,575000,145502.0
386,Francis Bouillon,D,54,5,4,9,1.7,5,0,0,1,3,0,1,51,9.8,891,16:30,55,122,0,0,,1875000,2037037.0
387,Adam Burish,RW,66,6,3,9,0.5,6,0,0,2,3,0,0,83,7.2,608,9:12,37,46,49,75,39.5,712500,345568.0
388,Ryan Carter,C,48,3,6,9,0.6,3,0,0,1,5,1,0,40,7.5,437,9:06,9,67,146,158,48.0,625000,218253.0
389,Joey Crabb,RW,29,4,5,9,0.6,3,0,1,1,5,0,0,33,12.1,354,12:13,15,54,13,20,39.4,550000,109126.0
390,Andy Greene,D,49,2,7,9,2.0,2,0,0,0,7,0,0,38,5.3,798,16:17,63,37,0,0,,600000,181878.0
391,David Hale,D,48,3,6,9,1.2,3,0,0,0,6,0,0,22,13.6,727,15:08,33,85,0,0,,700000,327380.0
392,Patrick Kaleta,RW,51,4,5,9,0.6,4,0,0,0,5,0,0,35,11.4,455,8:55,27,137,1,4,20.0,491667,24250.0
393,Rostislav Klesla,D,34,1,8,9,1.9,1,0,0,0,6,2,0,30,3.3,713,20:59,49,59,0,1,0.0,1600000,1636904.0
394,Ville Leino,LW,13,5,4,9,1.3,5,0,0,1,4,0,0,17,29.4,165,12:42,1,3,7,5,58.3,875000,582010.0
395,Josef Melichar,D,39,0,9,9,1.4,0,0,0,0,9,0,0,19,0.0,537,13:46,54,39,0,0,,1000000,763888.0
396,Petteri Nokelainen,C,50,4,5,9,0.4,3,0,1,0,5,0,0,56,7.1,563,11:15,23,46,156,136,53.4,850000,545634.0
397,Rostislav Olesz,LW,37,4,5,9,0.3,4,0,0,0,4,1,0,69,5.8,488,13:12,11,38,1,4,20.0,3125000,3855820.0
398,Mike Rupp,C,72,3,6,9,0.0,3,0,0,0,6,0,0,76,3.9,628,8:44,13,136,46,44,51.1,500000,36375.0
399,Brendan Witt,D,65,0,9,9,-0.2,0,0,0,0,8,0,1,52,0.0,1320,20:18,146,142,1,1,50.0,2766667,3334436.0
400,Aaron Johnson,D,38,3,5,8,3.0,3,0,0,1,5,0,0,27,11.1,537,14:09,34,40,0,0,,525000,72751.0
401,Brad Lukowich,D,58,0,8,8,2.5,0,0,0,0,8,0,0,43,0.0,940,16:13,82,117,0,0,,1566667,1588404.0
402,Jay McKee,D,69,1,7,8,3.4,1,0,0,1,6,0,1,43,2.3,1195,17:19,185,68,0,2,0.0,4000000,5128968.0
403,Robyn Regehr,D,75,0,8,8,2.9,0,0,0,0,8,0,0,79,0.0,1586,21:09,89,122,0,0,,4020000,5158068.0
404,Alexei Semenov,D,47,1,7,8,2.0,1,0,0,0,6,1,0,28,3.6,613,13:03,30,53,0,1,0.0,650000,254629.0
405,Colin Stuart,LW,33,5,3,8,0.7,2,0,3,0,2,0,1,54,9.3,412,12:29,16,59,5,7,41.7,483333,12124.0
406,Craig Adams,RW,45,2,5,7,0.1,1,1,0,0,5,0,0,47,4.3,391,8:41,20,67,8,13,38.1,600000,181878.0
407,Byron Bitz,RW,35,4,3,7,0.5,4,0,0,0,2,1,0,31,12.9,363,10:22,15,71,21,29,42.0,650000,254629.0
408,Garnet Exelby,D,59,0,7,7,1.0,0,0,0,0,6,0,1,42,0.0,987,16:43,99,151,0,0,,0,-691137.0
409,Adam Foote,D,42,1,6,7,1.1,1,0,0,1,6,0,0,19,5.3,826,19:41,77,54,0,0,,3000000,3673941.0
410,Colton Gillies,C,45,2,5,7,0.4,2,0,0,1,4,1,0,22,9.1,370,8:14,9,55,1,1,50.0,875000,582010.0
411,Patric Hörnqvist,RW,28,2,5,7,0.3,2,0,0,0,4,1,0,54,3.7,319,11:24,13,20,1,4,20.0,583333,157627.0
412,Derek Meech,D,41,2,5,7,0.2,2,0,0,0,4,1,0,44,4.5,412,10:03,19,36,0,2,0.0,483333,12124.0
413,Douglas Murray,D,75,0,7,7,2.9,0,0,0,0,7,0,0,56,0.0,1249,16:39,78,175,0,0,,550000,109126.0
414,Tom Preissing,D,22,3,4,7,1.1,1,2,0,0,1,3,0,40,7.5,368,16:45,21,15,0,0,,2750000,3310185.0
415,Gary Roberts,LW,30,4,3,7,0.1,2,2,0,1,1,2,0,32,12.5,349,11:39,3,38,1,1,50.0,1250000,1127645.0
416,Kurt Sauer,D,68,1,6,7,2.4,1,0,0,0,5,0,1,33,3.0,1402,20:37,121,91,0,1,0.0,1750000,1855158.0
417,Luca Sbisa,D,39,0,7,7,0.7,0,0,0,0,3,4,0,38,0.0,682,17:29,48,46,0,0,,875000,582010.0
418,Yan Stastny,C,34,3,4,7,-0.2,3,0,0,0,3,0,1,30,10.0,433,12:45,18,25,46,56,45.1,500000,36375.0
419,Nick Tarnasky,LW,45,1,6,7,0.2,1,0,0,0,6,0,0,38,2.6,330,7:20,19,82,0,1,0.0,525000,72751.0
420,Jim Vandermeer,D,45,1,6,7,1.5,1,0,0,0,6,0,0,31,3.2,721,16:01,28,85,0,0,,2300000,2655423.0
421,Mike Weaver,D,58,0,7,7,1.8,0,0,0,0,5,0,2,36,0.0,1001,17:16,81,43,0,0,,700000,327380.0
422,Daniel Winnik,C,49,3,4,7,0.0,3,0,0,0,4,0,0,66,4.5,641,13:04,27,79,51,84,37.8,523333,70325.0
423,Eric Brewer,D,28,1,5,6,0.6,0,1,0,0,3,2,0,49,2.0,703,25:07,57,40,0,0,,4250000,5492724.0
424,Chris Butler,D,47,2,4,6,2.5,2,0,0,1,4,0,0,36,5.6,786,16:43,60,37,0,0,,576667,147928.0
425,Ryan Craig,C,54,2,4,6,-0.5,2,0,0,0,4,0,0,64,3.1,555,10:16,29,60,110,112,49.5,787500,454695.0
426,Steve Downie,RW,29,3,3,6,0.4,3,0,0,1,3,0,0,26,11.5,244,8:26,7,41,5,15,25.0,585000,160052.0
427,Kurtis Foster,D,10,1,5,6,1.5,1,0,0,0,3,2,0,10,10.0,136,13:35,8,8,0,0,,1025000,800264.0
428,Jeff Hamilton,RW,15,3,3,6,0.6,3,0,0,1,3,0,0,30,10.0,194,12:57,5,6,3,8,27.3,475000,0.0
429,Jack Hillen,D,40,1,5,6,0.7,1,0,0,0,4,0,1,47,2.1,608,15:13,50,28,0,0,,875000,582010.0
430,Kent Huskins,D,33,2,4,6,1.8,2,0,0,0,4,0,0,20,10.0,620,18:47,47,29,0,1,0.0,625000,218253.0
431,Martins Karsums,RW,24,1,5,6,-0.1,1,0,0,0,4,1,0,28,3.6,269,11:11,11,47,2,1,66.7,766667,424383.0
432,Jamie McGinn,LW,35,4,2,6,0.3,3,1,0,1,2,0,0,27,14.8,312,8:55,7,50,6,1,85.7,681667,300705.0
433,Christoph Schubert,LW,50,3,3,6,-0.4,2,1,0,0,2,1,0,57,5.3,680,13:36,43,108,0,0,,883333,594135.0
434,Brandon Sutter,C,50,1,5,6,0.0,1,0,0,0,5,0,0,57,1.8,441,8:50,18,37,128,204,38.6,875000,582010.0
435,Radim Vrbata,RW,18,3,3,6,0.4,2,1,0,0,3,0,0,41,7.3,256,14:13,5,3,1,2,33.3,3000000,3673941.0
436,Karl Alzner,D,30,1,4,5,0.9,1,0,0,0,4,0,0,31,3.2,583,19:25,54,23,0,0,,875000,582010.0
437,Brian Boyle,C,28,4,1,5,0.2,4,0,0,1,1,0,0,36,11.1,284,10:08,8,66,102,123,45.3,750000,400132.0
438,Derek Dorsett,RW,52,4,1,5,0.1,4,0,0,1,1,0,0,59,6.8,462,8:53,15,116,4,5,44.4,496667,31526.0
439,Brett Festerling,D,40,0,5,5,1.5,0,0,0,0,5,0,0,15,0.0,667,16:40,36,89,0,0,,476667,2425.0
440,Darcy Hordichuk,LW,73,4,1,5,0.2,4,0,0,0,1,0,0,26,15.4,404,5:32,8,110,1,0,100.0,775000,436507.0
441,Ryan O'Byrne,D,37,0,5,5,0.5,0,0,0,0,5,0,0,14,0.0,559,15:06,41,77,0,0,,941667,679012.0
442,Cal O'Reilly,C,11,3,2,5,0.7,3,0,0,0,2,0,0,6,50.0,139,12:36,2,0,35,53,39.8,500000,36375.0
443,Colton Orr,RW,82,1,4,5,-0.7,1,0,0,0,4,0,0,40,2.5,532,6:29,14,133,4,12,25.0,537500,90939.0
444,Brad Richardson,RW,31,0,5,5,-0.2,0,0,0,0,5,0,0,37,0.0,335,10:48,4,26,52,43,54.7,587500,163690.0
445,Tyler Sloan,D,26,1,4,5,1.2,1,0,0,0,4,0,0,8,12.5,433,16:39,50,33,0,0,,475000,0.0
446,Vladimír Sobotka,C,25,1,4,5,-0.3,1,0,0,0,4,0,0,19,5.3,264,10:33,7,48,30,22,57.7,583333,157627.0
447,Donald Brashear,LW,63,1,3,4,-0.7,1,0,0,1,3,0,0,43,2.3,520,8:15,8,119,0,0,,1200000,1054894.0
448,Mike Brown,RW,48,2,2,4,-0.4,2,0,0,2,2,0,0,44,4.5,391,8:08,12,85,0,6,0.0,522500,69113.0
449,Jonathan Ericsson,D,19,1,3,4,0.6,1,0,0,0,3,0,0,25,4.0,336,17:40,12,28,0,0,,900000,618386.0
450,John Erskine,D,52,0,4,4,1.0,0,0,0,0,3,0,1,50,0.0,873,16:48,76,128,0,0,,537500,90939.0
451,Mark Fistric,D,36,0,4,4,0.9,0,0,0,0,4,0,0,35,0.0,574,15:57,44,114,0,0,,725000,363756.0
452,Denis Gauthier,D,65,2,2,4,1.3,2,0,0,0,2,0,0,36,5.6,945,14:32,104,182,0,0,,2100000,2364417.0
453,Eric Godard,RW,71,2,2,4,-0.1,2,0,0,0,2,0,0,20,10.0,289,4:04,12,37,1,0,100.0,750000,400132.0
454,Cam Janssen,RW,56,1,3,4,-0.1,1,0,0,0,3,0,0,22,4.5,281,5:01,2,66,0,2,0.0,550000,109126.0
455,Ryan Parent,D,31,0,4,4,1.0,0,0,0,0,4,0,0,9,0.0,564,18:12,39,33,0,0,,821667,504409.0
456,Wayne Primeau,C,24,0,4,4,-0.2,0,0,0,0,4,0,0,22,0.0,249,10:23,13,15,115,102,53.0,1400000,1345899.0
457,Jody Shelley,LW,70,2,2,4,-0.3,2,0,0,1,2,0,0,44,4.5,433,6:11,7,125,3,4,42.9,725000,363756.0
458,Matt Smaby,D,43,0,4,4,0.1,0,0,0,0,4,0,0,28,0.0,821,19:05,68,122,1,0,100.0,791667,460758.0
459,Nate Thompson,C,43,2,2,4,-0.7,1,0,1,0,2,0,0,56,3.6,520,12:05,41,83,216,213,50.3,500000,36375.0
460,Derek Boogaard,LW,51,0,3,3,0.1,0,0,0,0,3,0,0,13,0.0,255,5:00,4,62,0,0,,875000,582010.0
461,Kyle Chipchura,C,13,0,3,3,-0.2,0,0,0,0,3,0,0,5,0.0,134,10:18,3,8,47,60,43.9,942800,680661.0
462,Davis Drewiske,D,17,0,3,3,0.9,0,0,0,0,2,1,0,21,0.0,294,17:19,30,10,0,0,,525000,72751.0
463,Chris Gratton,C,24,0,3,3,-0.2,0,0,0,0,3,0,0,20,0.0,253,10:32,4,37,134,95,58.5,1250000,1127645.0
464,Josh Gratton,LW,19,1,2,3,0.1,1,0,0,0,2,0,0,14,7.1,119,6:14,0,20,0,0,,550000,109126.0
465,Niklas Hjalmarsson,D,21,1,2,3,1.0,1,0,0,0,1,0,1,15,6.7,315,14:59,22,15,0,0,,643333,244928.0
466,Dustin Jeffrey,C,14,1,2,3,0.3,1,0,0,0,2,0,0,18,5.6,151,10:47,3,8,43,60,41.7,508333,48500.0
467,Jesse Joensuu,LW,7,1,2,3,0.2,1,0,0,0,1,1,0,9,11.1,85,12:06,2,7,0,0,,618333,208553.0
468,Trevor Lewis,C,6,1,2,3,0.3,1,0,0,0,2,0,0,10,10.0,70,11:36,4,4,1,3,25.0,821667,504409.0
469,Matt Pelech,D,5,0,3,3,0.4,0,0,0,0,3,0,0,4,0.0,66,13:16,3,5,0,0,,850000,545634.0
470,Joel Perrault,C,7,2,1,3,0.5,2,0,0,0,0,1,0,15,13.3,90,12:52,2,5,34,42,44.7,587500,163690.0
471,Brian Pothier,D,9,1,2,3,0.5,1,0,0,1,1,1,0,8,12.5,149,16:35,9,9,0,0,,2500000,2946428.0
472,Brandon Prust,RW,36,1,2,3,-0.4,1,0,0,1,2,0,0,23,4.3,269,7:28,9,24,17,14,54.8,500000,36375.0
473,Rob Schremp,C,4,0,3,3,0.3,0,0,0,0,3,0,0,3,0.0,54,13:35,0,3,1,1,50.0,841667,533510.0
474,Brad Staubitz,RW,35,1,2,3,0.1,1,0,0,1,2,0,0,22,4.5,218,6:13,3,56,0,2,0.0,464167,-15762.0
475,Tyson Strachan,D,30,0,3,3,1.5,0,0,0,0,3,0,0,21,0.0,403,13:26,24,23,0,0,,575000,145502.0
476,Tom Wandell,C,14,1,2,3,0.1,1,0,0,0,2,0,0,23,4.3,156,11:09,6,6,58,55,51.3,560000,123677.0
477,Craig Weller,RW,36,1,2,3,0.0,0,1,0,0,2,0,0,27,3.7,250,6:57,12,61,0,5,0.0,600000,181878.0
478,Wade Belak,RW,53,0,2,2,-0.3,0,0,0,0,2,0,0,19,0.0,278,5:15,6,57,0,0,,650000,254629.0
479,Jamie Heward,D,13,0,2,2,0.2,0,0,0,0,0,2,0,11,0.0,154,11:49,15,5,0,0,,475000,0.0
480,Ryan Hollweg,LW,25,0,2,2,-0.4,0,0,0,0,2,0,0,12,0.0,162,6:28,4,37,1,2,33.3,512500,54563.0
481,Georges Laraque,RW,33,0,2,2,-0.5,0,0,0,0,2,0,0,15,0.0,252,7:39,5,42,0,1,0.0,1500000,1491402.0
482,Mike Lundin,D,25,0,2,2,0.2,0,0,0,0,2,0,0,8,0.0,416,16:39,43,6,0,1,0.0,687500,309193.0
483,Shawn Matthias,C,16,0,2,2,-0.2,0,0,0,0,2,0,0,11,0.0,147,9:10,2,8,46,45,50.5,773333,434082.0
484,Brendan Mikkelson,D,34,0,2,2,0.6,0,0,0,0,2,0,0,19,0.0,474,13:56,22,19,0,0,,615000,203703.0
485,Chris Porter,C,6,1,1,2,0.2,1,0,0,0,1,0,0,7,14.3,63,10:32,3,3,1,2,33.3,875000,582010.0
486,Corey Potter,D,5,1,1,2,0.3,1,0,0,0,1,0,0,4,25.0,66,13:15,8,4,0,0,,542500,98214.0
487,Peter Regin,C,11,1,1,2,0.1,1,0,0,1,1,0,0,7,14.3,116,10:32,3,9,41,36,53.2,607500,192791.0
488,Jaime Sifers,D,23,0,2,2,0.0,0,0,0,0,1,1,0,25,0.0,295,12:50,23,29,0,0,,505000,43650.0
489,Brent Sopel,D,23,1,1,2,0.2,1,0,0,1,1,0,0,15,6.7,318,13:49,45,14,0,0,,2333333,2703923.0
490,Ivan Vishnevskiy,D,3,0,2,2,0.3,0,0,0,0,0,2,0,9,0.0,59,19:33,1,1,0,0,,821667,504409.0
491,Noah Welch,D,40,1,1,2,-0.1,1,0,0,0,1,0,0,22,4.5,438,10:56,34,51,0,0,,650000,254629.0
492,Bryan Allen,D,2,0,1,1,0.3,0,0,0,0,1,0,0,5,0.0,54,27:11,7,5,0,0,,2900000,3528439.0
493,Niclas Bergfors,RW,8,1,0,1,0.1,1,0,0,0,0,0,0,6,16.7,46,5:48,0,0,0,0,,511667,53351.0
494,Paul Bissonnette,LW,15,0,1,1,0.0,0,0,0,0,1,0,0,4,0.0,53,3:31,0,15,0,0,,500000,36375.0
495,Alexandre Bolduc,C,7,0,1,1,0.1,0,0,0,0,1,0,0,7,0.0,51,7:20,0,4,5,8,38.5,527500,76388.0
496,Chris Bourque,LW,8,1,0,1,0.1,1,0,0,0,0,0,0,11,9.1,78,9:46,2,8,0,0,,625000,218253.0
497,Wade Brookbank,LW,27,1,0,1,0.1,1,0,0,0,0,0,0,8,12.5,67,2:30,6,15,0,0,,475000,0.0
498,Jeremy Colliton,C,6,0,1,1,-0.1,0,0,0,0,1,0,0,4,0.0,66,11:03,5,18,45,25,64.3,605000,189153.0
499,Patrick Dwyer,RW,13,1,0,1,-0.1,1,0,0,0,0,0,0,9,11.1,111,8:34,6,16,5,7,41.7,500000,36375.0
500,Nathan Gerbe,C,10,0,1,1,0.0,0,0,0,0,0,1,0,24,0.0,136,13:37,0,11,1,0,100.0,850000,545634.0
501,Matt Halischuk,RW,1,0,1,1,0.0,0,0,0,0,1,0,0,0,,10,9:47,0,0,0,0,,587500,163690.0
502,Jay Harrison,D,7,0,1,1,0.0,0,0,0,0,1,0,0,6,0.0,121,17:16,8,8,0,0,,475000,0.0
503,Darren Helm,C,16,0,1,1,-0.6,0,0,0,0,1,0,0,29,0.0,199,12:26,4,37,74,58,56.1,597833,178725.0
504,Doug Janik,D,15,0,1,1,0.0,0,0,0,0,1,0,0,1,0.0,154,10:18,16,8,0,0,,500000,36375.0
505,Pierre-Luc Letourneau-Leblond,RW,8,0,1,1,0.2,0,0,0,0,1,0,0,3,0.0,39,4:51,1,12,0,0,,471667,-4849.0
506,Matt Moulson,LW,7,1,0,1,-0.1,1,0,0,1,0,0,0,6,16.7,101,14:30,4,2,0,0,,522500,69113.0
507,Lawrence Nycholat,D,19,0,1,1,0.4,0,0,0,0,1,0,0,9,0.0,188,9:55,8,11,0,0,,550000,109126.0
508,Andrew Peters,LW,28,0,1,1,-0.2,0,0,0,0,1,0,0,10,0.0,113,4:01,2,10,0,1,0.0,525000,72751.0
509,Alex Pietrangelo,D,8,0,1,1,0.3,0,0,0,0,0,1,0,7,0.0,132,16:31,2,3,0,0,,875000,582010.0
510,Joel Rechlicz,RW,17,0,1,1,-0.1,0,0,0,0,1,0,0,7,0.0,83,4:52,3,25,0,0,,525000,72751.0
511,Aaron Rome,D,8,0,1,1,0.3,0,0,0,0,1,0,0,7,0.0,124,15:28,8,12,0,0,,544500,101124.0
512,Raymond Sawada,RW,5,1,0,1,0.1,1,0,0,0,0,0,0,2,50.0,43,8:42,1,12,0,0,,687500,309193.0
513,David Schlemko,D,3,0,1,1,0.0,0,0,0,0,0,1,0,3,0.0,58,19:16,3,6,0,0,,516667,60626.0
514,John Scott,D,20,0,1,1,0.4,0,0,0,0,1,0,0,6,0.0,185,9:14,21,17,0,0,,522500,69113.0
515,Jack Skille,RW,8,1,0,1,-0.1,1,0,0,0,0,0,0,14,7.1,76,9:26,0,9,0,0,,850000,545634.0
516,Jason Smith,D,63,1,0,1,1.4,1,0,0,1,0,0,0,53,1.9,1105,17:32,148,123,0,1,0.0,2600000,3091931.0
517,Trevor Smith,C,7,1,0,1,0.0,1,0,0,0,0,0,0,7,14.3,83,11:48,7,8,6,3,66.7,685000,305555.0
518,Brett Sutter,LW,4,1,0,1,0.1,1,0,0,0,0,0,0,6,16.7,32,8:04,0,1,0,1,0.0,528333,77600.0
519,Ole-Kristian Tollefsen,D,19,0,1,1,0.0,0,0,0,0,1,0,0,12,0.0,196,10:20,11,25,0,0,,675000,291005.0
520,Petr Vrána,C,16,1,0,1,-0.2,1,0,0,0,0,0,0,6,16.7,110,6:54,2,0,15,21,41.7,475000,0.0
521,Yannick Weber,D,3,0,1,1,0.1,0,0,0,0,0,1,0,6,0.0,45,15:06,1,4,0,0,,612500,200066.0
522,Ty Wishart,D,5,0,1,1,0.1,0,0,0,0,1,0,0,2,0.0,51,10:07,4,3,0,0,,788333,455907.0
523,Justin Abdelkader,LW,2,0,0,0,0.0,0,0,0,0,0,0,0,2,0.0,19,9:18,0,3,4,3,57.1,740000,385582.0
524,Artem Anisimov,C,1,0,0,0,0.0,0,0,0,0,0,0,0,1,0.0,9,9:27,0,0,2,3,40.0,821667,504409.0
525,Mikael Backlund,C,1,0,0,0,0.0,0,0,0,0,0,0,0,1,0.0,11,10:44,0,0,2,5,28.6,875000,582010.0
526,Cody Bass,C,12,0,0,0,-0.2,0,0,0,0,0,0,0,5,0.0,68,5:41,2,25,21,29,42.0,511667,53351.0
527,Jay Beagle,C,3,0,0,0,-0.2,0,0,0,0,0,0,0,5,0.0,23,7:36,0,5,5,8,38.5,687500,309193.0
528,Matt Beleskey,LW,2,0,0,0,0.0,0,0,0,0,0,0,0,0,,22,11:10,0,0,0,2,0.0,583333,157627.0
529,Troy Bodie,RW,4,0,0,0,-0.1,0,0,0,0,0,0,0,5,0.0,33,8:09,0,6,1,1,50.0,500000,36375.0
530,Johnny Boychuk,D,1,0,0,0,0.0,0,0,0,0,0,0,0,0,,15,14:48,1,3,0,0,,500000,36375.0
531,Zach Boychuk,C,2,0,0,0,0.0,0,0,0,0,0,0,0,0,,24,12:03,0,4,0,1,0.0,875000,582010.0
532,Tim Brent,C,2,0,0,0,0.0,0,0,0,0,0,0,0,0,,17,8:21,1,4,5,5,50.0,525000,72751.0
533,Matt Carkner,RW,1,0,0,0,0.0,0,0,0,0,0,0,0,0,,4,4:08,0,2,0,0,,500000,36375.0
534,Brett Carson,D,5,0,0,0,-0.1,0,0,0,0,0,0,0,2,0.0,79,15:44,5,6,0,0,,508333,48500.0
535,Taylor Chorney,D,2,0,0,0,-0.3,0,0,0,0,0,0,0,0,,31,15:43,6,0,0,0,,735000,378306.0
536,Kris Chucko,RW,2,0,0,0,0.0,0,0,0,0,0,0,0,0,,14,7:02,0,1,0,1,0.0,984200,740899.0
537,Kyle Cumiskey,D,6,0,0,0,-0.1,0,0,0,0,0,0,0,2,0.0,51,8:32,3,2,0,0,,491667,24250.0
538,Jason Garrison,D,1,0,0,0,0.0,0,0,0,0,0,0,0,0,,12,11:57,1,1,0,0,,875000,582010.0
539,Tanner Glass,LW,3,0,0,0,0.0,0,0,0,0,0,0,0,1,0.0,20,6:45,1,5,1,0,100.0,520000,65476.0
540,Andrew Gordon,RW,1,0,0,0,0.0,0,0,0,0,0,0,0,1,0.0,7,7:12,0,1,0,0,,606667,191578.0
541,Nate Guenin,D,1,0,0,0,0.0,0,0,0,0,0,0,0,0,,13,13:25,1,0,0,0,,550000,109126.0
542,Matt Hendricks,C,4,0,0,0,0.0,0,0,0,0,0,0,0,5,0.0,34,8:30,1,8,0,1,0.0,500000,36375.0
543,Josh Hennessy,C,1,0,0,0,0.0,0,0,0,0,0,0,0,0,,14,13:40,0,1,2,5,28.6,500000,36375.0
544,Derek Joslin,D,12,0,0,0,-0.1,0,0,0,0,0,0,0,9,0.0,136,11:22,8,11,0,0,,516667,60626.0
545,Tim Kennedy,LW,1,0,0,0,0.0,0,0,0,0,0,0,0,1,0.0,11,11:04,0,1,0,1,0.0,635000,232804.0
546,Grant Lewis,D,1,0,0,0,0.0,0,0,0,0,0,0,0,1,0.0,15,15:29,0,0,0,0,,587500,163690.0
547,Ben Lovejoy,D,2,0,0,0,0.0,0,0,0,0,0,0,0,1,0.0,24,11:53,1,1,0,0,,637500,236441.0
548,Andrew MacDonald,D,3,0,0,0,0.2,0,0,0,0,0,0,0,1,0.0,31,10:10,3,0,0,0,,483333,12124.0
549,Derek MacKenzie,C,1,0,0,0,-0.1,0,0,0,0,0,0,0,1,0.0,7,7:15,0,1,2,2,50.0,550000,109126.0
550,Ben Maxwell,C,7,0,0,0,-0.2,0,0,0,0,0,0,0,2,0.0,69,9:55,1,2,20,33,37.7,710000,341931.0
551,Kenndal McArdle,LW,3,0,0,0,-0.1,0,0,0,0,0,0,0,1,0.0,23,7:30,1,3,0,0,,823333,506833.0
552,Brian McGrattan,RW,5,0,0,0,-0.1,0,0,0,0,0,0,0,2,0.0,28,5:31,0,2,0,0,,605000,189153.0
553,Michel Ouellet,RW,3,0,0,0,0.0,0,0,0,0,0,0,0,3,0.0,29,9:39,2,3,0,1,0.0,1250000,1127645.0
554,Patrick Rissmiller,LW,2,0,0,0,-0.1,0,0,0,0,0,0,0,2,0.0,18,9:13,0,5,0,0,,1000000,763888.0
555,Mike Santorelli,C,7,0,0,0,-0.3,0,0,0,0,0,0,0,11,0.0,86,12:15,1,3,21,26,44.7,591667,169753.0
556,Michael Sauer,D,3,0,0,0,0.0,0,0,0,0,0,0,0,2,0.0,28,9:21,3,2,0,0,,590000,167328.0
557,Tim Sestito,LW,1,0,0,0,0.0,0,0,0,0,0,0,0,1,0.0,6,5:53,0,3,1,1,50.0,487500,18187.0
558,Zack Smith,C,1,0,0,0,0.0,0,0,0,0,0,0,0,0,,7,7:01,0,1,0,1,0.0,558333,121251.0
559,Ryan Vesce,RW,10,0,0,0,-0.2,0,0,0,0,0,0,0,11,0.0,97,9:45,6,7,30,34,46.9,475000,0.0
560,Jason Ward,RW,1,0,0,0,0.0,0,0,0,0,0,0,0,1,0.0,10,9:31,0,2,0,0,,675000,291005.0
561,Mike Weber,D,7,0,0,0,-0.1,0,0,0,0,0,0,0,2,0.0,99,14:10,8,16,0,0,,558333,121251.0
562,Kevin Westgarth,RW,9,0,0,0,0.0,0,0,0,0,0,0,0,1,0.0,45,5:02,1,7,0,1,0.0,560000,123677.0
563,Mike York,LW,1,0,0,0,0.0,0,0,0,0,0,0,0,1,0.0,13,13:15,0,1,0,0,,750000,400132.0
