Rk,Player,Age,Tm,Pos,GP,G,A,PTS,+/-,PIM,PS,EV,PP,SH,GW,EV,PP,SH,S,S%,TOI,ATOI,BLK,HIT,FOW,FOL,FO%,-9999
1,Martin St. Louis*,37,TBL,RW,48,17,43,60,0,14,6.3,14,3,0,2,26,17,0,112,15.2,1055,21:59,32,23,12,16,42.9,stlouma01
2,Steven Stamkos,22,TBL,C,48,29,28,57,-4,32,7.1,19,10,0,2,20,8,0,157,18.5,1057,22:01,17,63,406,413,49.6,stamkst01
3,Sidney Crosby,25,PIT,C,36,15,41,56,26,16,7.5,12,3,0,1,27,14,0,124,12.1,760,21:06,18,21,453,381,54.3,crosbsi01
4,Alex Ovechkin,27,WSH,RW,48,32,24,56,2,36,8.0,16,16,0,4,13,11,0,220,14.5,1002,20:53,18,120,0,1,0.0,ovechal01
5,Patrick Kane,24,CHI,RW,47,23,32,55,11,8,7.6,15,8,0,3,23,9,0,138,16.7,943,20:03,9,11,2,8,20.0,kanepa01
6,Eric Staal,28,CAR,C,48,18,35,53,5,54,6.4,14,3,1,4,29,6,0,152,11.8,1008,21:00,24,35,527,487,52.0,staaler01
7,Phil Kessel,25,TOR,RW,48,20,32,52,-3,18,6.2,14,6,0,4,17,15,0,161,12.4,951,19:49,23,16,5,3,62.5,kesseph01
8,Chris Kunitz,33,PIT,LW,48,22,30,52,30,39,7.8,13,9,0,5,23,7,0,113,19.5,865,18:01,13,104,4,5,44.4,kunitch01
9,Taylor Hall,21,EDM,LW,45,16,34,50,5,33,6.1,12,4,0,4,24,10,0,154,10.4,838,18:37,20,24,29,24,54.7,hallta02
10,Pavel Datsyuk,34,DET,C,47,15,34,49,21,14,6.5,7,8,0,6,23,8,3,107,14.0,949,20:11,30,31,488,399,55.0,datsypa01
11,Ryan Getzlaf,27,ANA,C,44,15,34,49,14,41,6.1,8,4,3,3,23,11,0,99,15.2,889,20:12,42,89,355,384,48.0,getzlry01
12,Mike Ribeiro,32,WSH,C,48,13,36,49,-4,53,5.1,7,6,0,1,15,21,0,63,20.6,856,17:50,29,55,226,279,44.8,ribeimi01
13,Nicklas Bäckström,25,WSH,C,48,8,40,48,8,20,4.8,5,3,0,1,25,15,0,82,9.8,955,19:54,35,31,432,408,51.4,backsni02
14,Claude Giroux,25,PHI,RW,48,13,35,48,-7,22,5.0,6,6,1,2,20,15,0,137,9.5,1016,21:10,29,57,644,538,54.5,giroucl01
15,Jonathan Toews,24,CHI,C,47,23,25,48,28,27,7.6,19,2,2,5,20,4,1,143,16.1,909,19:21,16,24,559,374,59.9,toewsjo01
16,Henrik Zetterberg,32,DET,C,46,11,37,48,2,18,5.2,5,4,2,5,18,19,0,173,6.4,944,20:31,10,20,263,281,48.3,zettehe01
17,John Tavares,22,NYI,C,48,28,19,47,-2,18,6.6,19,9,0,5,12,7,0,162,17.3,997,20:46,22,33,459,471,49.4,tavarjo01
18,Andrew Ladd,27,WPG,LW,48,18,28,46,10,22,5.9,15,3,0,4,25,3,0,121,14.9,945,19:41,26,98,29,25,53.7,laddan01
19,Jakub Voráček,23,PHI,RW,48,22,24,46,-7,35,6.1,14,8,0,3,15,9,0,129,17.1,827,17:14,12,20,2,3,40.0,voracja01
20,Henrik Sedin*,32,VAN,C,48,11,34,45,19,24,5.6,9,1,1,1,22,12,0,70,15.7,929,19:21,9,22,440,451,49.4,sedinhe01
21,Nazem Kadri,22,TOR,C,48,18,26,44,15,23,6.2,13,5,0,1,23,3,0,107,16.8,771,16:03,22,62,250,315,44.2,kadrina01
22,Matt Moulson,29,NYI,LW,47,15,29,44,-3,4,4.9,7,8,0,0,22,7,0,154,9.7,900,19:09,28,24,1,0,100.0,moulsma01
23,Alexander Semin,28,CAR,LW,44,13,31,44,14,46,5.4,9,4,0,1,25,5,1,150,8.7,921,20:57,21,14,5,16,23.8,seminal01
24,Derek Stepan,22,NYR,C,48,18,26,44,25,12,6.5,13,4,1,6,17,6,3,108,16.7,1004,20:55,28,52,448,529,45.9,stepade01
25,Matt Duchene,22,COL,C,47,17,26,43,-12,12,4.5,15,2,0,3,18,7,1,132,12.9,983,20:55,47,48,488,405,54.6,duchema01
26,P.A. Parenteau,29,COL,LW,48,18,25,43,-11,38,4.8,12,6,0,1,18,7,0,105,17.1,919,19:09,14,50,1,12,7.7,parenpi01
27,Anže Kopitar,25,LAK,C,47,10,32,42,14,16,4.8,10,0,0,1,16,16,0,98,10.2,963,20:29,25,70,473,415,53.3,kopitan01
28,Rick Nash,28,NYR,LW,44,21,21,42,16,26,6.4,17,3,1,3,15,6,0,176,11.9,879,19:58,25,46,5,7,41.7,nashri01
29,Thomas Vanek,29,BUF,LW,38,20,21,41,-1,20,5.5,10,9,1,2,16,5,0,119,16.8,699,18:24,4,13,8,4,66.7,vanekth01
30,Blake Wheeler,26,WPG,RW,48,19,22,41,-3,28,5.0,17,2,0,2,17,5,0,129,14.7,902,18:48,39,90,4,14,22.2,wheelbl01
31,Daniel Sedin*,32,VAN,LW,47,12,28,40,12,18,4.9,9,3,0,3,19,9,0,138,8.7,894,19:01,7,15,3,4,42.9,sedinda01
32,Joe Thornton,33,SJS,C,48,7,33,40,6,26,4.4,5,2,0,1,14,19,0,85,8.2,882,18:23,21,23,410,291,58.5,thornjo01
33,Max Pacioretty,24,MTL,LW,44,15,24,39,8,28,4.9,11,4,0,0,16,8,0,163,9.2,726,16:31,16,59,2,5,28.6,pacioma01
34,Pascal Dupuis,33,PIT,LW,48,20,18,38,31,26,6.1,17,2,1,2,17,1,0,140,14.3,840,17:30,36,83,27,30,47.4,dupuipa01
35,Sam Gagner,23,EDM,C,48,14,24,38,-6,23,4.0,10,4,0,1,11,11,2,113,12.4,932,19:25,22,35,325,416,43.9,gagnesa01
36,Kris Letang,25,PIT,D,35,5,33,38,16,8,6.3,4,1,0,1,21,12,0,95,5.3,897,25:38,59,45,0,0,,letankr01
37,Zach Parise,28,MIN,C,48,18,20,38,2,16,4.8,11,7,0,4,14,6,0,182,9.9,992,20:40,41,59,3,6,33.3,parisza01
38,P.K. Subban,23,MTL,D,42,11,27,38,12,57,7.1,4,7,0,0,8,19,0,126,8.7,976,23:15,49,51,0,0,,subbapk01
39,Jiří Tlustý,24,CAR,C,48,23,15,38,15,18,5.9,19,4,0,3,11,4,0,117,19.7,876,18:15,41,53,3,15,16.7,tlustji01
40,Logan Couture,23,SJS,C,48,21,16,37,7,4,5.7,14,7,0,5,10,5,1,151,13.9,869,18:06,51,32,252,237,51.5,coutulo01
41,Jordan Eberle,22,EDM,C,48,16,21,37,-4,16,4.2,13,3,0,3,15,6,0,133,12.0,912,19:00,16,31,8,11,42.1,eberljo01
42,Mikko Koivu,29,MIN,C,48,11,26,37,2,26,3.8,11,0,0,3,13,13,0,127,8.7,1013,21:06,18,47,524,447,54.0,koivumi01
43,Patrik Eliáš,36,NJD,LW,48,14,22,36,5,22,4.8,8,5,1,0,13,9,0,118,11.9,899,18:43,14,20,71,92,43.6,eliaspa01
44,Brad Marchand,24,BOS,C,45,18,18,36,23,27,5.7,12,4,2,5,18,0,0,91,19.8,763,16:58,20,38,6,6,50.0,marchbr03
45,James Neal,25,PIT,LW,40,21,15,36,5,26,5.2,12,9,0,6,8,7,0,136,15.4,699,17:28,17,56,1,5,16.7,nealja01
46,Corey Perry,27,ANA,RW,44,15,21,36,10,72,4.6,10,5,0,5,15,5,1,128,11.7,839,19:04,18,49,6,23,20.7,perryco01
47,Teddy Purcell,27,TBL,RW,48,11,25,36,-1,12,3.5,8,3,0,2,15,10,0,94,11.7,804,16:45,7,11,2,4,33.3,purcete01
48,Chris Stewart,25,STL,RW,48,18,18,36,0,40,4.9,12,6,0,3,12,6,0,97,18.6,759,15:49,13,41,8,19,29.6,stewach02
49,Brad Boyes,30,NYI,C,48,10,25,35,-6,16,3.2,9,1,0,1,13,12,0,97,10.3,874,18:13,20,44,4,12,25.0,boyesbr01
50,Tomáš Fleischmann,28,FLA,LW,48,12,23,35,-10,16,3.6,9,2,1,2,12,11,0,121,9.9,899,18:44,10,29,10,10,50.0,fleisto01
51,Jaromír Jágr,40,TOT,RW,45,16,19,35,-2,22,4.1,10,6,0,4,14,5,0,115,13.9,825,18:20,10,13,0,1,0.0,jagrja01
52,Michael Ryder,32,TOT,RW,46,16,19,35,2,16,4.4,8,8,0,5,10,9,0,101,15.8,738,16:03,16,35,3,6,33.3,rydermi01
53,Cody Hodgson,22,BUF,C,48,15,19,34,-4,20,3.7,11,3,1,1,16,2,1,114,13.2,883,18:24,24,21,380,432,46.8,hodgsco01
54,Jason Pominville,30,TOT,RW,47,14,20,34,1,8,3.7,11,2,1,2,13,7,0,118,11.9,948,20:11,35,21,51,54,48.6,pominja01
55,Brad Richards,32,NYR,C,46,11,23,34,8,14,4.0,8,3,0,1,17,6,0,110,10.0,865,18:49,43,25,391,382,50.6,richabr01
56,Jamie Benn,23,DAL,LW,41,12,21,33,-12,40,3.0,9,3,0,3,14,7,0,110,10.9,816,19:55,32,71,327,382,46.1,bennja01
57,Troy Brouwer,27,WSH,RW,47,19,14,33,-5,28,3.9,11,7,1,5,5,9,0,111,17.1,871,18:32,23,108,111,121,47.8,brouwtr01
58,Jeff Carter,28,LAK,C,48,26,7,33,0,16,5.2,18,8,0,8,5,2,0,133,19.5,844,17:35,23,25,202,182,52.6,carteje01
59,Jarome Iginla*,35,TOT,RW,44,14,19,33,-5,31,3.6,8,6,0,3,13,6,0,134,10.4,828,18:49,13,65,123,124,49.8,iginlja01
60,Evander Kane,21,WPG,C,48,17,16,33,-3,80,3.7,15,2,0,4,14,2,0,190,8.9,982,20:27,22,147,13,20,39.4,kaneev01
61,David Krejčí,26,BOS,C,47,10,23,33,1,20,3.4,10,0,0,5,16,7,0,93,10.8,870,18:30,27,41,361,293,55.2,krejcda01
62,Evgeni Malkin,26,PIT,C,31,9,24,33,5,36,3.7,5,4,0,3,10,14,0,99,9.1,611,19:42,11,12,195,218,47.2,malkiev01
63,Tomáš Plekanec,30,MTL,C,47,14,19,33,3,24,3.6,10,4,0,2,8,11,0,133,10.5,903,19:13,17,25,485,475,50.5,plekato01
64,Justin Williams,31,LAK,RW,48,11,22,33,15,22,4.2,10,1,0,3,17,5,0,142,7.7,816,16:59,12,29,2,4,33.3,williju01
65,Patrice Bergeron,27,BOS,C,42,10,22,32,24,18,4.3,8,2,0,3,19,2,1,125,8.0,810,19:18,25,28,549,335,62.1,bergepa01
66,Mike Cammalleri,30,CGY,C,44,13,19,32,-15,25,3.1,8,5,0,3,9,10,0,102,12.7,794,18:03,9,20,253,243,51.0,cammami01
67,Vincent Lecavalier,32,TBL,C,39,10,22,32,-5,29,3.0,5,5,0,0,18,4,0,86,11.6,697,17:53,13,74,404,338,54.4,lecavvi01
68,Bryan Little,25,WPG,C,48,7,25,32,8,4,3.0,5,2,0,2,21,3,1,84,8.3,950,19:48,19,32,431,411,51.2,littlbr01
69,Mike Richards,27,LAK,C,48,12,20,32,-8,42,3.3,6,6,0,3,11,9,0,82,14.6,785,16:21,19,58,216,225,49.0,richami02
70,Tyler Seguin,21,BOS,C,48,16,16,32,23,16,5.0,12,4,0,2,14,2,0,161,9.9,817,17:01,6,25,22,23,48.9,seguity01
71,Wayne Simmonds,24,PHI,RW,45,15,17,32,-7,82,3.9,9,6,0,4,7,10,0,110,13.6,704,15:38,16,72,2,1,66.7,simmowa01
72,Lee Stempniak,29,CGY,RW,47,9,23,32,2,12,3.3,5,4,0,2,17,2,4,113,8.0,842,17:54,17,47,3,20,13.0,stemple01
73,Ryan Suter,28,MIN,D,48,4,28,32,2,24,6.0,1,3,0,1,16,12,0,91,4.4,1309,27:17,74,33,0,0,,suterry01
74,James van Riemsdyk,23,TOR,LW,48,18,14,32,-7,26,3.6,13,5,0,3,13,1,0,140,12.9,922,19:12,15,55,24,19,55.8,vanrija01
75,Ryan Callahan,27,NYR,RW,45,16,15,31,9,12,4.1,8,6,2,4,12,2,1,144,11.1,968,21:31,66,154,14,16,46.7,callary01
76,Tyler Ennis,23,BUF,C,47,10,21,31,-14,16,2.5,8,2,0,0,9,12,0,108,9.3,840,17:53,25,28,158,219,41.9,ennisty01
77,Johan Franzén,33,DET,C,41,14,17,31,13,41,4.4,8,6,0,1,11,6,0,116,12.1,742,18:05,17,43,30,32,48.4,franzjo01
78,Marián Hossa*,34,CHI,RW,40,17,14,31,20,16,5.0,12,4,1,6,11,2,1,116,14.7,722,18:02,13,12,1,2,33.3,hossama01
79,Jonathan Huberdeau,19,FLA,C,48,14,17,31,-15,18,3.3,12,2,0,1,10,7,0,112,12.5,813,16:56,19,33,11,22,33.3,huberjo01
80,Ilya Kovalchuk,29,NJD,LW,37,11,20,31,-6,18,3.3,5,2,4,5,8,12,0,123,8.9,915,24:44,12,13,7,15,31.8,kovalil01
81,Patrick Marleau,33,SJS,C,48,17,14,31,-2,24,4.1,10,6,1,3,6,8,0,150,11.3,917,19:07,13,38,71,79,47.3,marlepa01
82,Joe Pavelski,28,SJS,C,48,16,15,31,2,10,4.2,11,5,0,5,8,6,1,130,12.3,908,18:55,44,48,342,318,51.8,paveljo01
83,Jordan Staal,24,CAR,C,48,10,21,31,-18,32,2.1,9,1,0,1,14,6,1,114,8.8,965,20:06,20,105,458,456,50.1,staaljo01
84,Nail Yakupov,19,EDM,RW,48,17,14,31,-4,24,4.0,11,6,0,2,10,4,0,81,21.0,699,14:34,14,41,0,6,0.0,yakupna01
85,Lars Eller,23,MTL,C,46,8,22,30,8,45,3.3,7,1,0,1,18,4,0,84,9.5,682,14:50,33,86,267,275,49.3,ellerla01
86,Andrei Markov,34,MTL,D,48,10,20,30,-9,14,4.5,2,8,0,4,5,15,0,79,12.7,1158,24:08,60,22,0,0,,markoan01
87,Vinny Prospal,37,CBJ,C,48,12,18,30,3,32,3.5,8,4,0,2,15,3,0,85,14.1,793,16:32,18,37,4,5,44.4,prospva01
88,Bobby Ryan,25,ANA,RW,46,11,19,30,3,17,3.3,9,2,0,1,15,4,0,101,10.9,763,16:35,29,80,25,56,30.9,ryanbo01
89,Keith Yandle,26,PHX,D,48,10,20,30,4,54,5.6,5,5,0,3,15,5,0,130,7.7,1068,22:15,40,18,0,0,,yandlke01
90,Derick Brassard,25,TOT,C,47,12,17,29,1,16,3.4,9,3,0,1,9,8,0,88,13.6,778,16:33,8,83,215,231,48.2,brassde01
91,Dustin Brown,28,LAK,RW,46,18,11,29,6,22,4.1,10,8,0,1,6,5,0,142,12.7,897,19:30,8,156,15,26,36.6,browndu01
92,Cory Conacher,23,TOT,LW,47,11,18,29,3,20,3.3,10,1,0,3,15,3,0,67,16.4,657,13:58,9,39,4,11,26.7,conacco01
93,Loui Eriksson,27,DAL,LW,48,12,17,29,-9,8,2.4,9,2,1,3,9,8,0,104,11.5,966,20:07,18,6,9,25,26.5,erikslo01
94,Cody Franson,25,TOR,D,45,4,25,29,4,8,4.6,1,3,0,0,15,10,0,70,5.7,845,18:47,59,124,0,0,,fransco01
95,Niklas Kronwall,32,DET,D,48,5,24,29,-5,44,4.8,3,2,0,2,10,14,0,67,7.5,1169,24:22,83,42,0,0,,kronwni01
96,Frans Nielsen,28,NYI,C,48,6,23,29,-3,12,2.3,3,2,1,1,15,8,0,93,6.5,865,18:01,47,23,268,290,48.0,nielsfr01
97,Kimmo Timonen,37,PHI,D,45,5,24,29,3,36,5.2,2,3,0,1,10,14,0,78,6.4,979,21:46,79,31,0,0,,timonki01
98,Kyle Turris,23,OTT,C,48,12,17,29,6,24,3.4,9,3,0,2,11,6,0,118,10.2,943,19:38,20,30,451,469,49.0,turriky01
99,Ray Whitney,40,DAL,LW,32,11,18,29,1,4,3.4,7,4,0,1,10,8,0,62,17.7,621,19:24,14,10,16,35,31.4,whitnra01
100,David Backes,28,STL,RW,48,6,22,28,5,62,2.6,5,1,0,1,17,4,1,100,6.0,941,19:37,41,158,477,435,52.3,backeda01
101,Tyler Bozak,26,TOR,C,46,12,16,28,-1,6,2.7,7,4,1,3,11,5,0,61,19.7,934,20:19,23,65,559,504,52.6,bozakty01
102,Dustin Byfuglien,27,WPG,D,43,8,20,28,-1,34,4.7,4,4,0,2,14,6,0,142,5.6,1049,24:24,47,80,0,0,,byfugdu01
103,David Desharnais,26,MTL,C,48,10,18,28,-2,26,2.6,8,2,0,3,13,5,0,66,15.2,790,16:28,18,26,382,382,50.0,deshada01
104,Brendan Gallagher,20,MTL,RW,44,15,13,28,10,33,4.0,12,3,0,3,12,1,0,117,12.8,610,13:52,33,44,8,17,32.0,gallabr01
105,Dion Phaneuf,27,TOR,D,48,9,19,28,-4,65,4.6,6,3,0,1,6,13,0,88,10.2,1209,25:11,91,131,0,0,,phanedi01
106,Derek Roy,29,TOT,C,42,7,21,28,4,6,2.7,5,2,0,1,14,6,1,85,8.2,781,18:36,30,15,295,352,45.6,royde01
107,Radim Vrbata,31,PHX,RW,34,12,16,28,6,14,3.6,9,2,1,1,6,10,0,106,11.3,623,18:19,14,26,10,22,31.3,vrbatra01
108,Shea Weber,27,NSH,D,48,9,19,28,-2,48,5.3,6,3,0,1,10,9,0,124,7.3,1244,25:55,90,112,0,0,,webersh01
109,Brian Campbell,33,FLA,D,48,8,19,27,-22,12,3.9,2,6,0,2,8,11,0,70,11.4,1268,26:25,65,14,0,0,,campbbr02
110,Matt Cullen,36,MIN,C,42,7,20,27,9,10,3.1,7,0,0,0,16,4,0,79,8.9,667,15:53,18,18,245,203,54.7,cullema01
111,Shane Doan,36,PHX,RW,48,13,14,27,6,37,3.1,13,0,0,2,11,3,0,129,10.1,867,18:03,10,118,4,11,26.7,doansh01
112,Marián Gáborík,30,TOT,RW,47,12,15,27,-3,14,2.9,11,1,0,5,7,8,0,151,7.9,870,18:31,18,21,1,2,33.3,gaborma01
113,Alex Galchenyuk,18,MTL,C,48,9,18,27,14,20,3.5,9,0,0,2,17,1,0,79,11.4,591,12:19,25,23,59,79,42.8,galchal01
114,Alex Goligoski,27,DAL,D,47,3,24,27,4,18,4.4,3,0,0,0,12,11,1,80,3.8,1052,22:23,66,56,0,0,,goligal01
115,Sergei Gonchar,38,OTT,D,45,3,24,27,4,26,5.3,1,2,0,3,14,10,0,85,3.5,1080,24:00,65,25,0,0,,gonchse01
116,Jannik Hansen,26,VAN,LW,47,10,17,27,12,8,3.3,9,1,0,2,15,2,0,99,10.1,825,17:33,10,55,3,28,9.7,hanseja01
117,Jiří Hudler,29,CGY,C,42,10,17,27,-13,22,2.4,5,5,0,0,14,3,0,56,17.9,721,17:10,5,16,10,21,32.3,hudleji01
118,Duncan Keith,29,CHI,D,47,3,24,27,16,31,5.5,1,2,0,0,15,8,1,91,3.3,1133,24:07,66,19,0,0,,keithdu01
119,Saku Koivu,38,ANA,C,47,8,19,27,4,18,2.6,4,4,0,0,15,4,0,55,14.5,827,17:36,15,31,437,414,51.4,koivusa01
120,Tomáš Kopecký,30,FLA,RW,47,15,12,27,-8,28,3.3,10,4,1,0,7,5,0,92,16.3,831,17:41,25,23,42,44,48.8,kopecto01
121,Mark Letestu,27,CBJ,C,46,13,14,27,7,10,3.5,8,3,2,2,12,2,0,92,14.1,760,16:31,12,36,244,243,50.1,letesma01
122,Milan Lucic,24,BOS,LW,46,7,20,27,8,75,2.8,7,0,0,0,18,2,0,79,8.9,778,16:55,16,139,17,18,48.6,lucicmi01
123,Brandon Saad,20,CHI,LW,46,10,17,27,17,12,3.5,9,0,1,2,14,3,0,98,10.2,757,16:28,12,41,17,29,37.0,saadbr01
124,Justin Schultz,22,EDM,D,48,8,19,27,-17,8,3.5,4,4,0,3,8,11,0,85,9.4,1030,21:27,35,15,0,1,0.0,schulju01
125,Devin Setoguchi,26,MIN,RW,48,13,14,27,5,20,3.6,8,5,0,3,13,1,0,97,13.4,693,14:26,19,92,7,10,41.2,setogde01
126,Alexander Steen,28,STL,C,40,8,19,27,5,14,3.0,5,3,0,3,13,6,0,129,6.2,760,19:00,22,28,94,110,46.1,steenal01
127,Mark Streit,35,NYI,D,48,6,21,27,-14,22,3.4,3,3,0,1,13,8,0,83,7.2,1121,23:21,86,34,0,0,,streima01
128,Alex Tanguay,33,CGY,LW,40,11,16,27,-13,22,2.4,8,2,1,1,9,7,0,44,25.0,774,19:22,28,24,68,105,39.3,tangual01
129,Daniel Alfredsson*,40,OTT,RW,47,10,16,26,1,33,2.7,7,3,0,2,7,8,1,101,9.9,909,19:21,30,28,16,22,42.1,alfreda01
130,Damien Brunner,26,DET,C,44,12,14,26,-6,12,2.9,9,3,0,1,7,7,0,123,9.8,686,15:35,2,20,2,3,40.0,brunnda01
131,Mikkel Bødker,23,PHX,LW,48,7,19,26,0,12,2.0,4,3,0,2,15,4,0,83,8.4,887,18:29,17,77,1,10,9.1,boedkmi01
132,Brian Gionta,34,MTL,RW,48,14,12,26,3,8,2.9,9,5,0,3,10,2,0,112,12.5,870,18:07,23,37,14,28,33.3,giontbr01
133,Curtis Glencross,30,CGY,LW,40,15,11,26,-8,18,3.0,11,3,1,3,8,3,0,92,16.3,729,18:14,14,49,20,26,43.5,glenccu01
134,Mike Green,27,WSH,D,35,12,14,26,-3,20,4.5,8,4,0,2,4,10,0,96,12.5,870,24:51,61,36,0,0,,greenmi03
135,Brayden Schenn,21,PHI,C,47,8,18,26,-8,24,2.3,6,2,0,0,10,8,0,79,10.1,730,15:32,22,109,206,247,45.5,schenbr01
136,Patrik Berglund,24,STL,C,48,17,8,25,-2,12,3.4,10,5,2,3,7,1,0,74,23.0,808,16:50,24,53,279,324,46.3,berglpa01
137,David Legwand,32,NSH,C,48,12,13,25,-6,20,2.4,10,2,0,2,11,2,0,78,15.4,884,18:26,20,20,362,359,50.2,legwada01
138,Brenden Morrow,34,TOT,LW,44,12,13,25,-3,37,2.8,10,2,0,2,11,2,0,55,21.8,654,14:52,20,85,13,11,54.2,morrobr01
139,David Perron,24,STL,LW,48,10,15,25,0,44,2.6,8,2,0,2,11,4,0,84,11.9,864,18:00,11,48,8,14,36.4,perroda01
140,Slava Voynov,23,LAK,D,48,6,19,25,5,14,5.1,5,1,0,2,12,7,0,79,7.6,1071,22:18,48,83,2,0,100.0,voynovi01
141,François Beauchemin,32,ANA,D,48,6,18,24,19,22,5.8,5,1,0,0,11,7,0,74,8.1,1126,23:27,111,81,0,0,,beaucfr01
142,Alexandre Burrows,31,VAN,LW,47,13,11,24,15,54,3.4,12,1,0,2,9,2,0,140,9.3,889,18:54,15,52,48,60,44.4,burroal01
143,David Clarkson,28,NJD,RW,48,15,9,24,-6,78,3.1,9,6,0,5,7,2,0,180,8.3,844,17:36,6,84,6,19,24.0,clarkda03
144,Cody Eakin,21,DAL,C,48,7,17,24,1,31,2.2,4,3,0,1,17,0,0,67,10.4,724,15:05,29,71,304,322,48.6,eakinco01
145,Oliver Ekman-Larsson,21,PHX,D,48,3,21,24,5,26,4.3,3,0,0,1,13,8,0,101,3.0,1205,25:06,40,73,0,0,,ekmanol01
146,Martin Erat,31,TOT,LW,45,5,19,24,-7,30,1.6,4,1,0,2,12,7,0,69,7.2,806,17:55,12,48,32,30,51.6,eratma01
147,Carl Hagelin,24,NYR,LW,48,10,14,24,10,18,2.9,9,1,0,1,14,0,0,132,7.6,831,17:18,28,49,7,10,41.2,hagelca01
148,Dan Hamhuis,30,VAN,D,47,4,20,24,9,12,5.0,3,0,1,0,14,6,0,61,6.6,1099,23:23,63,47,0,0,,hamhuda01
149,Ryan Nugent-Hopkins,19,EDM,C,40,4,20,24,3,8,2.0,2,2,0,0,11,9,0,78,5.1,755,18:52,27,27,226,325,41.0,nugenry01
150,Kyle Okposo,24,NYI,RW,48,4,20,24,-2,38,1.6,4,0,0,0,17,3,0,101,4.0,814,16:57,21,48,104,82,55.9,okposky01
151,Steve Ott,30,BUF,C,48,9,15,24,3,93,2.2,7,2,0,3,12,1,2,73,12.3,891,18:33,21,187,298,237,55.7,ottst01
152,Alex Pietrangelo,23,STL,D,47,5,19,24,0,10,4.9,3,2,0,0,14,4,1,93,5.4,1180,25:07,101,24,0,0,,pietral01
153,Matt Read,26,PHI,RW,42,11,13,24,1,2,2.8,10,1,0,2,11,2,0,72,15.3,757,18:01,32,49,14,34,29.2,readma01
154,Teemu Selänne*,42,ANA,RW,46,12,12,24,-10,28,2.3,9,3,0,1,8,4,0,96,12.5,722,15:42,10,8,85,83,50.6,selante01
155,Jeff Skinner,20,CAR,RW,42,13,11,24,-21,26,1.9,8,5,0,0,7,4,0,159,8.2,775,18:28,11,21,21,23,47.7,skinnje01
156,Paul Stastny,27,COL,C,40,9,15,24,-7,14,2.1,7,2,0,1,7,8,0,87,10.3,774,19:21,29,21,409,372,52.4,stastpa01
157,Bryan Bickell,26,CHI,LW,48,9,14,23,12,25,3.0,9,0,0,2,14,0,0,82,11.0,615,12:48,13,108,2,4,33.3,bickebr01
158,Andrew Cogliano,25,ANA,C,48,13,10,23,14,6,3.3,11,0,2,1,10,0,0,79,16.5,738,15:22,24,40,32,60,34.8,coglian01
159,Martin Hanzal,25,PHX,C,39,11,12,23,2,24,2.5,7,4,0,2,8,3,1,93,11.8,723,18:32,17,100,298,339,46.8,hanzama01
160,Nikolai Kulemin,26,TOR,LW,48,7,16,23,-5,22,1.7,7,0,0,0,16,0,0,72,9.7,803,16:44,47,122,10,10,50.0,kulemni01
161,Paul Martin,31,PIT,D,34,6,17,23,14,16,4.6,4,2,0,1,10,7,0,38,15.8,861,25:20,50,17,0,0,,martipa01
162,Kevin Shattenkirk,24,STL,D,48,5,18,23,2,20,4.7,3,2,0,0,11,7,0,84,6.0,1022,21:18,59,55,0,0,,shattke01
163,Matt Stajan,29,CGY,C,43,5,18,23,7,26,2.2,5,0,0,1,18,0,0,44,11.4,738,17:10,30,47,356,414,46.2,stajama01
164,Viktor Stålberg,27,CHI,LW,47,9,14,23,16,25,3.1,9,0,0,1,12,2,0,113,8.0,664,14:07,14,43,0,1,0.0,stalbvi01
165,Jay Bouwmeester,29,TOT,D,47,7,15,22,-6,22,4.0,6,1,0,0,7,6,2,79,8.9,1158,24:38,61,41,0,0,,bouwmja01
166,Matt Carle,28,TBL,D,48,5,17,22,1,4,3.4,3,2,0,0,14,3,0,66,7.6,1140,23:45,87,32,0,0,,carlema01
167,John Carlson,23,WSH,D,48,6,16,22,11,18,4.7,6,0,0,0,11,5,0,97,6.2,1105,23:01,123,59,1,0,100.0,carlsjo01
168,Drew Doughty,23,LAK,D,48,6,16,22,4,36,4.9,3,3,0,0,9,7,0,114,5.3,1267,26:24,46,128,0,0,,doughdr01
169,Alexander Edler,26,VAN,D,45,8,14,22,-5,37,4.0,3,5,0,0,9,5,0,113,7.1,1073,23:51,81,77,1,0,100.0,edleral01
170,Christian Ehrhoff,30,BUF,D,47,5,17,22,6,34,4.3,4,1,0,2,9,8,0,102,4.9,1184,25:11,81,38,0,0,,ehrhoch01
171,Nathan Horton,27,BOS,C,43,13,9,22,1,22,2.7,13,0,0,1,8,1,0,114,11.4,725,16:51,10,41,5,5,50.0,hortona01
172,Marcus Johansson,22,WSH,C,34,6,16,22,3,4,2.2,3,3,0,1,14,1,1,40,15.0,564,16:35,6,14,40,47,46.0,johanma03
173,Jussi Jokinen,29,TOT,LW,43,13,9,22,-5,24,2.5,10,3,0,3,5,4,0,74,17.6,664,15:26,22,17,250,182,57.9,jokinju01
174,Jamie McGinn,24,COL,LW,47,11,11,22,-13,26,1.7,8,3,0,2,7,4,0,128,8.6,812,17:17,16,82,3,3,50.0,mcginja01
175,Mason Raymond,27,VAN,LW,46,10,12,22,2,16,2.5,6,4,0,1,10,2,0,79,12.7,728,15:49,8,18,17,33,34.0,raymoma01
176,Fedor Tyutin,29,CBJ,D,48,4,18,22,9,28,5.0,4,0,0,1,12,5,1,56,7.1,1157,24:06,58,58,1,0,100.0,tyutife01
177,Dennis Wideman,29,CGY,D,46,6,16,22,-9,12,3.5,2,4,0,1,6,9,1,94,6.4,1151,25:01,100,40,0,1,0.0,widemde01
178,Matt Cooke,34,PIT,LW,48,8,13,21,-2,36,1.7,8,0,0,1,13,0,0,61,13.1,706,14:43,41,97,3,11,21.4,cookema01
179,Michael Del Zotto,22,NYR,D,46,3,18,21,6,18,4.2,2,0,1,0,10,8,0,81,3.7,1066,23:10,64,77,0,0,,delzomi01
180,Mike Fisher,32,NSH,C,38,10,11,21,6,27,2.5,9,1,0,0,6,5,0,68,14.7,740,19:28,46,67,275,288,48.8,fishemi01
181,Michael Grabner,25,NYI,RW,45,16,5,21,4,12,3.1,13,2,1,3,4,1,0,108,14.8,666,14:48,19,16,10,12,45.5,grabnmi01
182,Dany Heatley,32,MIN,RW,36,11,10,21,-12,8,2.0,8,3,0,1,6,4,0,83,13.3,667,18:32,22,26,12,19,38.7,heatlda01
183,Shawn Matthias,24,FLA,C,48,14,7,21,-8,16,2.6,11,2,1,1,6,1,0,106,13.2,729,15:11,21,66,153,194,44.1,matthsh01
184,Andy McDonald,35,STL,C,37,7,14,21,-2,16,2.1,6,1,0,2,8,6,0,86,8.1,638,17:15,13,10,95,103,48.0,mcdonan01
185,Kyle Palmieri,21,ANA,C,42,10,11,21,2,9,2.6,8,2,0,5,10,1,0,92,10.9,518,12:20,10,48,1,11,8.3,palmiky01
186,Antoine Vermette,30,PHX,C,48,13,8,21,-3,36,2.0,10,3,0,3,8,0,0,91,14.3,876,18:15,35,63,482,357,57.4,vermean01
187,Pierre-Marc Bouchard,28,MIN,C,43,8,12,20,3,8,2.3,8,0,0,2,10,2,0,71,11.3,600,13:57,6,12,1,6,14.3,bouchpi02
188,Dan Boyle,36,SJS,D,46,7,13,20,3,27,4.9,2,5,0,0,4,8,1,97,7.2,1049,22:48,81,29,0,0,,boyleda01
189,Brent Burns,27,SJS,D,30,9,11,20,0,20,4.0,7,2,0,0,10,1,0,81,11.1,488,16:17,13,54,4,9,30.8,burnsbr01
190,Brandon Dubinsky,26,CBJ,C,29,2,18,20,2,76,1.7,1,1,0,0,11,6,1,50,4.0,534,18:24,17,64,256,183,58.3,dubinbr01
191,Victor Hedman,22,TBL,D,44,4,16,20,1,31,3.0,4,0,0,0,14,2,0,76,5.3,997,22:40,84,56,0,0,,hedmavi01
192,Aleš Hemský,29,EDM,RW,38,9,11,20,-6,16,2.0,4,5,0,1,7,4,0,82,11.0,597,15:42,9,11,12,12,50.0,hemskal01
193,Clarke MacArthur,27,TOR,LW,40,8,12,20,3,26,2.2,6,2,0,1,10,2,0,62,12.9,596,14:55,15,44,5,1,83.3,macarcl01
194,John Mitchell,28,COL,C,47,10,10,20,5,18,2.2,9,1,0,1,8,2,0,72,13.9,787,16:45,43,99,171,173,49.7,mitchjo01
195,Dave Moss,31,PHX,LW,45,5,15,20,3,21,1.6,3,1,1,0,14,1,0,82,6.1,700,15:33,34,73,9,22,29.0,mossda01
196,Ryan O'Reilly,21,COL,C,29,6,14,20,-3,4,1.9,3,3,0,0,11,3,0,66,9.1,537,18:30,14,7,241,215,52.9,oreilry01
197,T.J. Oshie,26,STL,C,30,7,13,20,-5,15,2.0,4,2,1,1,4,8,1,65,10.8,573,19:06,24,33,5,8,38.5,oshietj01
198,Benoît Pouliot,26,TBL,LW,34,8,12,20,8,15,2.5,8,0,0,1,9,3,0,60,13.3,450,13:14,6,35,10,21,32.3,poulibe01
199,Brent Seabrook,27,CHI,D,47,8,12,20,12,23,4.8,5,3,0,1,8,4,0,65,12.3,1034,22:00,103,106,0,0,,seabrbr01
200,Patrick Sharp,31,CHI,C,28,6,14,20,8,14,2.3,5,1,0,1,8,6,0,88,6.8,527,18:50,12,26,40,22,64.5,sharppa01
201,Joel Ward,32,WSH,RW,39,8,12,20,7,12,2.3,6,1,1,1,10,2,0,52,15.4,590,15:08,28,37,38,27,58.5,wardjo02
202,Travis Zajac,27,NJD,C,48,7,13,20,-5,22,1.6,5,1,1,1,10,3,0,82,8.5,938,19:32,10,33,506,375,57.4,zajactr01
203,Mika Zibanejad,19,OTT,C,42,7,13,20,9,6,2.5,4,3,0,0,12,1,0,90,7.8,570,13:34,19,82,159,184,46.4,zibanmi01
204,Josh Bailey,23,NYI,C,38,11,8,19,7,6,2.6,11,0,0,1,6,2,0,76,14.5,622,16:23,22,24,35,40,46.7,bailejo01
205,Zdeno Chára,35,BOS,D,48,7,12,19,14,70,5.2,4,3,0,2,10,1,1,119,5.9,1197,24:56,64,101,0,1,0.0,charazd01
206,Ryane Clowe,30,TOT,LW,40,3,16,19,1,93,1.6,2,1,0,0,13,3,0,87,3.4,665,16:38,19,99,5,10,33.3,clowery01
207,Nick Foligno,25,CBJ,LW,45,6,13,19,6,28,1.8,5,1,0,2,11,2,0,69,8.7,744,16:31,33,99,3,6,33.3,foligni01
208,Marcel Goc,29,FLA,C,42,9,10,19,-6,8,1.8,5,4,0,1,8,2,0,92,9.8,767,18:16,20,73,410,376,52.2,gocma01
209,Colin Greening,26,OTT,C,47,8,11,19,5,11,2.2,6,2,0,2,9,2,0,80,10.0,692,14:44,24,122,22,25,46.8,greenco01
210,Jack Johnson,26,CBJ,D,44,5,14,19,-5,12,3.6,2,3,0,1,9,5,0,96,5.2,1143,25:58,90,66,0,0,,johnsja02
211,Alex Killorn,23,TBL,C,38,7,12,19,-6,14,1.3,6,1,0,2,10,2,0,82,8.5,639,16:49,22,40,11,17,39.3,killoal01
212,Ryan McDonagh,23,NYR,D,47,4,15,19,13,22,4.7,4,0,0,1,13,1,1,83,4.8,1145,24:21,78,69,0,1,0.0,mcdonry01
213,Jakob Silfverberg,22,OTT,RW,48,10,9,19,9,12,2.4,7,2,1,2,8,1,0,134,7.5,779,16:14,13,38,5,8,38.5,silfvja01
214,Vladimír Sobotka,25,STL,C,48,8,11,19,-4,35,1.8,7,1,0,2,8,3,0,69,11.6,742,15:27,16,98,286,220,56.5,sobotvl01
215,Brandon Sutter,23,PIT,C,48,11,8,19,3,4,1.9,8,3,0,5,7,1,0,82,13.4,788,16:24,32,30,382,379,50.2,suttebr03
216,Vladimir Tarasenko,21,STL,RW,38,8,11,19,1,10,2.3,5,3,0,1,9,2,0,75,10.7,510,13:25,7,28,1,0,100.0,tarasvl01
217,Patrick Wiercioch,22,OTT,D,42,5,14,19,9,39,4.4,2,3,0,0,7,7,0,81,6.2,659,15:42,29,28,0,0,,wiercpa01
218,Colin Wilson,23,NSH,C,25,7,12,19,1,4,2.3,5,2,0,1,8,4,0,26,26.9,414,16:34,13,10,8,13,38.1,wilsoco01
219,Daniel Winnik,27,ANA,C,48,6,13,19,13,16,1.9,6,0,0,1,13,0,0,95,6.3,808,16:50,37,63,16,37,30.2,winnida01
220,Marek Židlický,35,NJD,D,48,4,15,19,-12,38,3.0,3,1,0,0,5,10,0,101,4.0,1008,21:00,42,52,0,0,,zidlima01
221,Artem Anisimov,24,CBJ,C,35,11,7,18,-6,12,2.1,10,1,0,3,7,0,0,68,16.2,574,16:25,24,13,249,260,48.9,anisiar01
222,Nik Antropov,32,WPG,C,40,6,12,18,6,16,1.8,4,2,0,0,11,1,0,56,10.7,638,15:57,27,76,128,176,42.1,antroni01
223,Cam Atkinson,23,CBJ,RW,35,9,9,18,9,4,2.5,8,1,0,1,8,1,0,91,9.9,546,15:35,16,24,0,0,,atkinca01
224,Marcus Foligno,21,BUF,LW,47,5,13,18,-4,41,1.2,4,1,0,0,9,3,1,55,9.1,640,13:38,16,108,45,30,60.0,foligma01
225,Martin Havlát,31,SJS,LW,40,8,10,18,7,30,2.4,7,1,0,1,7,3,0,89,9.0,634,15:51,13,6,1,5,16.7,havlama01
226,Roman Josi,22,NSH,D,48,5,13,18,-7,8,3.2,4,1,0,1,7,6,0,96,5.2,1129,23:32,73,31,0,0,,josiro01
227,Nick Leddy,21,CHI,D,48,6,12,18,15,10,4.5,4,2,0,2,6,6,0,65,9.2,836,17:25,39,38,0,0,,leddyni01
228,Joffrey Lupul,29,TOR,C,16,11,7,18,8,12,3.1,8,3,0,3,7,0,0,42,26.2,258,16:07,7,31,3,5,37.5,lupuljo01
229,Rich Peverley,30,BOS,C,47,6,12,18,-9,16,1.1,4,2,0,0,6,4,2,95,6.3,717,15:15,21,23,211,150,58.4,peverri01
230,Drew Stafford,27,BUF,RW,46,6,12,18,-16,21,0.6,6,0,0,0,9,3,0,121,5.0,783,17:01,9,46,37,47,44.0,staffdr01
231,Jarret Stoll,30,LAK,C,48,7,11,18,1,28,1.5,5,1,1,3,6,4,1,73,9.6,793,16:31,44,107,418,328,56.0,stollja01
232,Raffi Torres,31,TOT,LW,39,7,11,18,0,17,1.9,6,1,0,0,11,0,0,60,11.7,518,13:16,15,87,6,7,46.2,torrera01
233,R.J. Umberger,30,CBJ,C,48,8,10,18,3,16,1.6,6,2,0,0,7,3,0,96,8.3,887,18:29,45,51,54,54,50.0,umberrj01
234,Roman Červenka,27,CGY,C,39,9,8,17,-13,14,1.5,8,1,0,0,5,3,0,51,17.6,512,13:08,4,7,58,67,46.4,cervero01
235,Joe Corvo,35,CAR,D,40,6,11,17,-3,14,2.7,3,3,0,2,6,5,0,71,8.5,750,18:46,38,27,0,0,,corvojo01
236,Eric Fehr,27,WSH,RW,41,9,8,17,14,10,2.4,6,2,1,2,7,1,0,72,12.5,548,13:22,22,36,0,4,0.0,fehrer01
237,Vernon Fiddler,32,DAL,C,46,4,13,17,3,48,1.4,3,1,0,0,11,1,1,56,7.1,591,12:51,28,34,319,300,51.5,fiddlve01
238,Valtteri Filppula,28,DET,C,41,9,8,17,-4,6,1.6,6,3,0,0,8,0,0,78,11.5,729,17:47,12,16,179,144,55.4,filppva01
239,Gabriel Landeskog,20,COL,LW,36,9,8,17,-4,22,1.5,6,0,3,1,6,2,0,109,8.3,696,19:20,32,86,6,12,33.3,landega01
240,Jay McClement,29,TOR,C,48,8,9,17,0,11,1.4,8,0,0,0,9,0,0,48,16.7,732,15:15,39,76,203,190,51.7,mccleja01
241,Colin McDonald,28,NYI,C,45,7,10,17,-1,32,1.7,6,1,0,0,10,0,0,82,8.5,512,11:22,9,120,4,4,50.0,mcdonco01
242,Peter Mueller,24,FLA,C,43,8,9,17,-11,18,1.3,6,2,0,0,7,2,0,131,6.1,699,16:16,10,29,46,58,44.2,muellpe01
243,Daniel Paille,28,BOS,LW,46,10,7,17,3,8,2.2,8,0,2,1,6,1,0,70,14.3,583,12:41,15,45,2,8,20.0,paillda01
244,Mathieu Perreault,25,WSH,C,39,6,11,17,7,20,2.0,4,2,0,1,10,1,0,47,12.8,455,11:40,8,28,168,157,51.7,perrema01
245,Sami Salo,38,TBL,D,46,2,15,17,5,16,2.8,1,1,0,0,9,6,0,48,4.2,965,20:59,65,40,0,0,,salosa01
246,Dennis Seidenberg,31,BOS,D,46,4,13,17,18,10,4.9,4,0,0,2,11,2,0,83,4.8,1094,23:48,115,115,0,0,,seidede01
247,Sheldon Souray,36,ANA,D,44,7,10,17,19,52,4.9,5,2,0,3,7,3,0,80,8.8,921,20:56,58,34,1,0,100.0,sourash01
248,Steve Sullivan,38,TOT,C,42,7,10,17,-12,24,1.1,3,4,0,1,6,4,0,61,11.5,611,14:33,3,12,3,3,50.0,sullist01
249,Mikael Backlund,23,CGY,C,32,8,8,16,-6,29,1.6,6,2,0,1,6,2,0,88,9.1,484,15:07,19,31,194,213,47.7,backlmi01
250,Gabriel Bourque,22,NSH,LW,34,11,5,16,6,4,2.4,7,3,1,2,5,0,0,50,22.0,538,15:50,23,39,4,2,66.7,bourqga01
251,Daniel Brière,35,PHI,C,34,6,10,16,-13,10,1.1,3,3,0,1,7,3,0,87,6.9,546,16:04,6,15,62,73,45.9,brierda01
252,Matt Calvert,23,CBJ,LW,42,9,7,16,-9,32,1.4,8,0,1,2,7,0,0,63,14.3,596,14:11,24,57,2,4,33.3,calvema01
253,Grant Clitsome,27,WPG,D,44,4,12,16,10,18,3.7,2,2,0,0,11,1,0,56,7.1,829,18:50,54,82,0,0,,clitsgr01
254,Patrick Dwyer,29,CAR,RW,46,8,8,16,-7,12,1.1,6,1,1,0,8,0,0,93,8.6,710,15:26,28,57,17,30,36.2,dwyerpa01
255,Simon Gagné,32,TOT,LW,38,5,11,16,-1,8,1.5,3,2,0,0,8,2,1,76,6.6,537,14:08,15,24,2,0,100.0,gagnesi01
256,Jason Garrison,28,VAN,D,47,8,8,16,18,28,5.3,5,3,0,2,5,3,0,94,8.5,1019,21:41,58,36,0,0,,garrija01
257,Mikhail Grabovski,29,TOR,C,48,9,7,16,-10,24,1.0,9,0,0,1,4,3,0,80,11.3,747,15:34,20,34,323,315,50.6,grabomi01
258,Andy Greene,30,NJD,D,48,4,12,16,12,20,4.8,1,2,1,1,8,4,0,63,6.3,1106,23:02,70,47,0,0,,greenan01
259,Dougie Hamilton,19,BOS,D,42,5,11,16,4,14,3.3,3,2,0,0,9,2,0,83,6.0,719,17:08,33,59,0,0,,hamildo01
260,Adam Henrique,22,NJD,C,42,11,5,16,-3,16,1.9,6,3,2,2,3,1,1,78,14.1,769,18:19,21,27,333,347,49.0,henriad01
261,Jake Muzzin,23,LAK,D,45,7,9,16,16,35,4.8,4,3,0,1,5,4,0,77,9.1,805,17:54,29,70,0,0,,muzzija01
262,Magnus Pääjärvi,21,EDM,LW,42,9,7,16,-1,14,1.7,6,2,1,2,7,0,0,75,12.0,593,14:08,23,24,4,8,33.3,paajama01
263,Tom Pyatt,25,TBL,C,43,8,8,16,5,12,1.6,8,0,0,1,8,0,0,60,13.3,584,13:35,36,22,145,145,50.0,pyattto01
264,Steve Bernier,27,NJD,RW,47,8,7,15,-7,17,1.5,6,2,0,1,5,2,0,88,9.1,647,13:46,15,64,5,5,50.0,bernist01
265,Ryan Carter,29,NJD,C,44,6,9,15,-2,31,1.5,5,0,1,1,7,0,2,63,9.5,574,13:03,15,50,43,40,51.8,cartery01
266,Casey Cizikas,21,NYI,C,45,6,9,15,0,14,1.5,6,0,0,1,8,1,0,45,13.3,485,10:47,21,75,144,132,52.2,cizikca01
267,Daniel Cleary,34,DET,LW,48,9,6,15,-6,40,1.2,3,5,1,0,6,0,0,93,9.7,789,16:27,21,56,11,12,47.8,clearda01
268,Sean Couturier,20,PHI,C,46,4,11,15,-8,10,0.6,4,0,0,0,7,4,0,75,5.3,731,15:53,27,31,243,310,43.9,coutuse01
269,Toby Enström,28,WPG,D,22,4,11,15,-8,8,1.8,3,1,0,2,4,6,1,21,19.0,496,22:31,38,9,0,0,,enstrto01
270,Justin Faulk,20,CAR,D,38,5,10,15,1,15,2.8,3,1,1,0,8,2,0,76,6.6,912,24:00,47,63,0,0,,faulkju01
271,Mark Giordano,29,CGY,D,47,4,11,15,-7,40,2.6,2,1,1,1,8,2,1,58,6.9,1089,23:10,93,65,0,0,,giordma01
272,Scott Gomez,33,SJS,C,39,2,13,15,-10,22,0.8,2,0,0,0,5,8,0,58,3.4,528,13:32,11,4,181,143,55.9,gomezsc01
273,Carl Gunnarsson,26,TOR,D,37,1,14,15,5,14,2.7,1,0,0,0,14,0,0,28,3.6,787,21:17,71,78,0,0,,gunnaca01
274,Chris Higgins,29,VAN,C,41,10,5,15,-4,10,1.5,10,0,0,1,5,0,0,77,13.0,673,16:25,22,46,33,58,36.3,higgich01
275,Sergei Kostitsyn,25,NSH,LW,46,3,12,15,-5,11,0.5,2,1,0,0,10,2,0,42,7.1,769,16:43,25,27,3,1,75.0,kostise01
276,Andrew Shaw,21,CHI,C,48,9,6,15,6,38,1.6,7,2,0,2,6,0,0,64,14.1,722,15:03,14,70,201,256,44.0,shawan01
277,Zack Smith,24,OTT,C,48,4,11,15,-9,56,0.6,4,0,0,0,9,2,0,94,4.3,727,15:09,22,97,379,352,51.8,smithza01
278,Jared Spurgeon,23,MIN,D,39,5,10,15,1,4,3.5,1,4,0,2,7,3,0,67,7.5,840,21:33,55,46,0,0,,spurgja01
279,Nate Thompson,28,TBL,C,45,7,8,15,-2,17,1.0,7,0,0,0,8,0,0,58,12.1,645,14:20,31,85,310,295,51.2,thompna01
280,Kyle Wellwood,29,WPG,C,39,6,9,15,0,2,1.4,6,0,0,2,7,2,0,37,16.2,506,12:59,10,10,43,35,55.1,wellwky01
281,Beau Bennett,21,PIT,RW,26,3,11,14,7,6,1.5,2,1,0,2,7,4,0,30,10.0,320,12:18,9,28,1,3,25.0,bennebe01
282,Zach Bogosian,22,WPG,D,33,5,9,14,-5,29,2.2,5,0,0,0,6,3,0,85,5.9,763,23:07,50,79,0,0,,bogosza01
283,Dave Bolland,26,CHI,C,35,7,7,14,-7,22,1.0,6,1,0,1,4,2,1,46,15.2,572,16:20,18,43,239,279,46.1,bollada01
284,T.J. Brodie,22,CGY,D,47,2,12,14,-9,8,2.0,2,0,0,0,6,6,0,44,4.5,950,20:13,74,24,0,0,,broditj01
285,Jason Chimera,33,WSH,LW,47,3,11,14,-5,48,0.5,3,0,0,0,11,0,0,92,3.3,596,12:40,12,73,21,15,58.3,chimeja01
286,Kyle Chipchura,26,PHX,C,46,5,9,14,1,50,1.3,5,0,0,0,9,0,0,37,13.5,446,9:42,7,61,126,135,48.3,chipcky01
287,Kyle Clifford,22,LAK,LW,48,7,7,14,1,51,1.6,7,0,0,1,7,0,0,56,12.5,509,10:36,12,155,1,8,11.1,cliffky01
288,Charlie Coyle,20,MIN,C,37,8,6,14,3,28,1.7,7,1,0,2,6,0,0,50,16.0,557,15:04,9,50,9,17,34.6,coylech01
289,Raphael Diaz,27,MTL,D,23,1,13,14,4,6,2.3,1,0,0,0,5,8,0,34,2.9,473,20:33,44,11,0,0,,diazra01
290,T.J. Galiardi,24,SJS,LW,36,5,9,14,1,14,1.5,4,1,0,0,8,1,0,68,7.4,499,13:52,15,36,5,14,26.3,galiatj01
291,Stephen Gionta,29,NJD,RW,48,4,10,14,2,14,1.3,4,0,0,0,9,0,1,58,6.9,625,13:02,14,87,137,253,35.1,giontst01
292,Dan Girardi,28,NYR,D,46,2,12,14,-1,16,2.7,2,0,0,1,10,2,0,81,2.5,1169,25:25,125,102,0,0,,girarda01
293,Boyd Gordon,29,PHX,RW,48,4,10,14,0,8,0.7,4,0,0,0,7,2,1,59,6.8,721,15:01,44,22,452,337,57.3,gordobo01
294,Jochen Hecht,35,BUF,C,47,5,9,14,6,18,1.2,4,0,1,1,9,0,0,69,7.2,644,13:42,27,24,147,206,41.6,hechtjo01
295,Patric Hörnqvist,26,NSH,RW,24,4,10,14,-1,14,1.3,0,4,0,1,7,3,0,87,4.6,389,16:14,9,29,1,1,50.0,hornqpa01
296,Olli Jokinen,34,WPG,C,45,7,7,14,-19,14,0.2,7,0,0,0,6,1,0,85,8.2,771,17:08,27,91,300,329,47.7,jokinol01
297,Erik Karlsson,22,OTT,D,17,6,8,14,8,8,3.6,3,2,1,2,6,2,0,79,7.6,462,27:09,14,10,0,0,,karlser01
298,Kevin Klein,28,NSH,D,47,3,11,14,-1,9,2.9,3,0,0,0,11,0,0,54,5.6,960,20:25,89,66,0,0,,kleinke01
299,Trevor Lewis,26,LAK,C,48,5,9,14,5,19,1.1,4,0,1,2,8,0,1,92,5.4,730,15:12,31,83,31,33,48.4,lewistr01
300,Milan Michálek,28,OTT,RW,23,4,10,14,8,17,1.7,4,0,0,0,7,2,1,58,6.9,418,18:11,13,6,2,2,50.0,michami01
301,Matt Niskanen,26,PIT,D,40,4,10,14,4,12,2.5,4,0,0,2,8,2,0,67,6.0,814,20:21,47,49,0,0,,niskama01
302,Dustin Penner,30,LAK,RW,33,2,12,14,-2,18,1.0,2,0,0,0,11,1,0,61,3.3,419,12:42,7,59,2,3,40.0,pennedu01
303,Chris Phillips,34,OTT,D,48,5,9,14,-5,43,3.2,4,1,0,0,9,0,0,89,5.6,1010,21:03,78,93,0,0,,phillch02
304,Brandon Prust,28,MTL,LW,38,5,9,14,11,110,1.6,5,0,0,1,9,0,0,39,12.8,518,13:38,26,87,25,30,45.5,prustbr01
305,Antoine Roussel,23,DAL,C,39,7,7,14,3,85,1.8,7,0,0,0,7,0,0,46,15.2,367,9:24,16,75,30,25,54.5,roussan01
306,Ľubomír Višňovský,36,NYI,D,35,3,11,14,12,20,3.6,2,1,0,0,4,7,0,69,4.3,798,22:48,52,20,0,0,,visnolu01
307,James Wisniewski,28,CBJ,D,30,5,9,14,-1,15,2.8,1,4,0,0,7,1,1,62,8.1,685,22:50,48,53,0,0,,wisnija01
308,Justin Abdelkader,25,DET,LW,48,10,3,13,6,34,1.7,10,0,0,0,3,0,0,96,10.4,711,14:49,13,120,65,60,52.0,abdelju01
309,Tyson Barrie,21,COL,D,32,2,11,13,-11,10,1.3,1,1,0,1,7,4,0,58,3.4,691,21:35,24,31,0,0,,barrity01
310,Matt Beleskey,24,ANA,LW,42,8,5,13,2,56,1.5,6,2,0,1,5,0,0,61,13.1,505,12:01,16,103,6,13,31.6,belesma01
311,Nick Bonino,24,ANA,C,27,5,8,13,-3,8,1.1,4,1,0,0,6,2,0,37,13.5,429,15:53,49,11,138,157,46.8,boninni01
312,Rene Bourque,31,MTL,LW,27,7,6,13,-1,32,1.3,5,2,0,1,5,1,0,63,11.1,441,16:20,11,37,0,1,0.0,bourqre01
313,Gregory Campbell,29,BOS,C,48,4,9,13,2,41,0.9,3,0,1,0,8,1,0,52,7.7,658,13:43,28,71,189,212,47.1,campbgr01
314,Erik Cole,34,TOT,LW,47,9,4,13,-6,20,0.8,8,1,0,2,2,2,0,86,10.5,770,16:24,27,101,22,45,32.8,coleer01
315,Trevor Daley,29,DAL,D,44,4,9,13,1,14,2.7,2,2,0,0,7,1,1,58,6.9,942,21:25,69,27,0,0,,daleytr01
316,Jonathan Ericsson,28,DET,D,45,3,10,13,6,29,3.5,3,0,0,1,10,0,0,34,8.8,960,21:19,40,67,0,0,,ericsjo01
317,Ruslan Fedotenko,34,PHI,LW,47,4,9,13,8,12,1.3,4,0,0,1,8,0,1,43,9.3,591,12:34,34,52,67,119,36.0,fedotru01
318,Andrew Ference,33,BOS,D,48,4,9,13,9,35,3.5,4,0,0,0,8,0,1,66,6.1,936,19:29,60,89,0,0,,ferenan01
319,Matt Frattin,25,TOR,RW,25,7,6,13,6,4,1.9,7,0,0,3,6,0,0,42,16.7,331,13:14,11,55,5,3,62.5,frattma01
320,Tom Gilbert,30,MIN,D,43,3,10,13,-11,18,2.0,2,1,0,0,7,3,0,36,8.3,831,19:19,57,24,0,0,,gilbeto01
321,Ron Hainsey,31,WPG,D,47,0,13,13,-8,10,1.5,0,0,0,0,12,1,0,52,0.0,1074,22:52,123,36,0,0,,hainsro01
322,Ryan Kesler,28,VAN,C,17,4,9,13,-5,12,1.2,2,2,0,1,6,3,0,36,11.1,322,18:57,13,30,174,129,57.4,keslery01
323,Jakub Kindl,25,DET,D,41,4,9,13,15,28,4.1,3,1,0,2,7,2,0,76,5.3,761,18:33,33,46,0,0,,kindlja01
324,Marcus Krüger,22,CHI,C,47,4,9,13,3,24,0.8,4,0,0,2,7,2,0,50,8.0,666,14:10,29,12,228,265,46.2,krugema01
325,Stéphane Robidas,35,DAL,D,48,1,12,13,2,56,2.5,1,0,0,0,8,4,0,46,2.2,1067,22:14,93,136,0,0,,robidst01
326,Jaden Schwartz,20,STL,C,45,7,6,13,-4,4,1.2,7,0,0,1,6,0,0,50,14.0,561,12:28,18,34,15,12,55.6,schwaja01
327,Drew Shore,22,FLA,C,43,3,10,13,-10,14,0.4,1,1,1,1,8,2,0,96,3.1,680,15:48,18,37,212,231,47.9,shoredr01
328,Ryan Smyth,36,EDM,LW,47,2,11,13,-5,40,0.3,1,0,1,0,10,1,0,69,2.9,722,15:22,24,41,87,115,43.1,smythry01
329,Nick Spaling,24,NSH,C,47,9,4,13,-10,18,0.8,8,1,0,2,2,1,1,57,15.8,745,15:52,21,38,223,259,46.3,spalini01
330,Ryan Whitney,29,EDM,D,34,4,9,13,-7,23,2.0,4,0,0,0,2,7,0,30,13.3,628,18:29,55,16,0,0,,whitnry01
331,Tommy Wingels,24,SJS,C,42,5,8,13,-9,26,0.8,4,0,1,0,7,1,0,69,7.2,598,14:14,32,115,4,12,25.0,wingeto01
332,Keith Aucoin,34,NYI,C,41,6,6,12,-1,4,1.1,5,1,0,1,6,0,0,50,12.0,512,12:30,21,33,167,177,48.5,aucoike01
333,Kevin Bieksa,31,VAN,D,36,6,6,12,6,48,3.3,4,2,0,1,5,1,0,77,7.8,790,21:56,50,60,0,0,,biekske01
334,Eric Brewer,33,TBL,D,48,4,8,12,3,30,2.3,3,1,0,1,8,0,0,56,7.1,985,20:31,94,88,0,0,,breweer01
335,Kyle Brodziak,28,MIN,C,48,8,4,12,-18,20,0.1,6,1,1,1,3,1,0,88,9.1,833,17:21,18,54,377,386,49.4,brodzky01
336,Blake Comeau,26,TOT,RW,42,6,6,12,-4,20,1.0,5,0,1,1,6,0,0,48,12.5,511,12:10,12,95,40,46,46.5,comeabl01
337,Erik Condra,26,OTT,RW,48,4,8,12,3,34,0.9,4,0,0,0,8,0,0,73,5.5,632,13:10,32,12,8,13,38.1,condrer01
338,Alexei Emelin,26,MTL,D,38,3,9,12,2,33,2.4,3,0,0,0,9,0,0,33,9.1,747,19:40,47,109,0,0,,emelial01
339,Shawn Horcoff,34,EDM,C,31,7,5,12,8,24,1.6,4,3,0,1,4,1,0,41,17.1,523,16:51,20,24,245,255,49.0,horcosh01
340,Matt Irwin,25,SJS,D,38,6,6,12,-1,10,3.0,2,4,0,0,5,1,0,79,7.6,726,19:06,65,39,0,0,,irwinma01
341,Barret Jackman,31,STL,D,46,3,9,12,6,39,3.5,3,0,0,0,9,0,0,39,7.7,889,19:19,89,70,0,0,,jackmba01
342,Ryan Johansen,20,CBJ,C,40,5,7,12,-7,12,0.6,5,0,0,2,6,1,0,84,6.0,643,16:05,14,42,272,257,51.4,johanry01
343,Andrei Loktionov,22,NJD,C,28,8,4,12,-2,4,1.7,7,1,0,0,2,2,0,47,17.0,399,14:15,8,6,80,126,38.8,loktian01
344,Andrew MacDonald,26,NYI,D,48,3,9,12,-2,20,2.4,2,1,0,1,7,2,0,45,6.7,1129,23:31,123,26,0,0,,macdoan01
345,Cody McLeod,28,COL,LW,48,8,4,12,4,83,1.3,8,0,0,0,3,1,0,79,10.1,628,13:05,17,106,7,10,41.2,mcleoco01
346,Chris Neil,33,OTT,RW,48,4,8,12,0,144,0.8,4,0,0,3,5,3,0,87,4.6,665,13:52,10,206,3,3,50.0,neilch01
347,Johnny Oduya,31,CHI,D,48,3,9,12,12,10,3.3,3,0,0,0,7,1,1,52,5.8,985,20:31,79,24,0,0,,oduyajo01
348,Jeff Petry,25,EDM,D,48,3,9,12,1,29,2.9,2,0,1,0,9,0,0,66,4.5,1052,21:55,86,112,0,1,0.0,petryje01
349,Michal Rozsíval,34,CHI,D,27,0,12,12,18,14,3.2,0,0,0,0,11,0,1,13,0.0,489,18:07,28,44,0,2,0.0,rozsimi01
350,Rob Scuderi,34,LAK,D,48,1,11,12,-6,4,2.1,1,0,0,0,10,0,1,33,3.0,1046,21:47,66,30,0,1,0.0,scudero01
351,Andrej Sekera,26,BUF,D,37,2,10,12,-2,4,1.9,2,0,0,0,9,0,1,33,6.1,785,21:12,73,30,0,0,,sekeran01
352,Jack Skille,25,FLA,RW,40,3,9,12,-9,11,0.5,3,0,0,0,9,0,0,69,4.3,533,13:19,15,96,8,8,50.0,skillja01
353,Craig Smith,23,NSH,C,44,4,8,12,-11,20,0.3,2,2,0,0,3,5,0,83,4.8,610,13:51,13,39,79,121,39.5,smithcr01
354,Jonas Brodin,19,MIN,D,45,2,9,11,3,10,3.2,1,1,0,0,8,1,0,51,3.9,1045,23:13,60,17,0,0,,brodijo01
355,Bobby Butler,25,TOT,LW,34,4,7,11,-8,4,0.8,3,1,0,0,4,3,0,41,9.8,367,10:48,4,15,2,3,40.0,butlebo01
356,Brian Flynn,24,BUF,RW,26,6,5,11,6,0,1.5,5,0,1,1,5,0,0,49,12.2,382,14:41,20,10,24,36,40.0,flynnbr01
357,Cam Fowler,21,ANA,D,37,1,10,11,-4,4,1.5,0,1,0,0,5,5,0,50,2.0,756,20:26,41,19,0,0,,fowleca01
358,Matt Halischuk,24,NSH,RW,36,5,6,11,1,10,1.1,5,0,0,1,6,0,0,51,9.8,430,11:57,21,33,2,4,33.3,halisma01
359,Scott Hartnell,30,PHI,RW,32,8,3,11,-5,70,1.1,4,4,0,1,2,1,0,74,10.8,508,15:52,21,68,3,1,75.0,hartnsc01
360,Milan Hejduk,36,COL,RW,29,4,7,11,-7,0,0.7,2,2,0,0,6,1,0,41,9.8,381,13:09,8,6,2,4,33.3,hejdumi01
361,Zack Kassian,22,VAN,RW,39,7,4,11,-7,51,0.9,5,2,0,1,3,1,0,49,14.3,526,13:29,4,70,6,8,42.9,kassiza01
362,Tyler Kennedy,26,PIT,C,46,6,5,11,-6,19,0.5,5,1,0,1,3,2,0,100,6.0,573,12:28,9,41,13,16,44.8,kennety01
363,Rob Klinkhammer,26,PHX,LW,22,5,6,11,7,10,1.6,4,1,0,1,6,0,0,34,14.7,269,12:14,6,65,2,0,100.0,klinkro01
364,Lauri Korpikoski,26,PHX,LW,36,6,5,11,-3,12,0.6,5,1,0,0,4,1,0,83,7.2,616,17:07,27,71,6,10,37.5,korpila01
365,John-Michael Liles,32,TOR,D,32,2,9,11,-1,4,1.8,2,0,0,0,8,1,0,47,4.3,601,18:46,52,45,0,1,0.0,lilesjo01
366,Matt Martin,23,NYI,LW,48,4,7,11,-2,63,0.6,3,1,0,1,7,0,0,67,6.0,572,11:54,22,234,6,12,33.3,martima02
367,Marc Methot,27,OTT,D,47,2,9,11,2,31,3.1,2,0,0,0,8,1,0,53,3.8,1045,22:14,81,130,0,0,,methoma01
368,Derek Morris,34,PHX,D,39,0,11,11,-6,36,1.3,0,0,0,0,8,3,0,68,0.0,834,21:24,69,92,0,0,,morride01
369,Eric Nystrom,29,DAL,LW,48,7,4,11,-3,61,0.6,6,0,1,3,4,0,0,49,14.3,689,14:21,26,122,15,11,57.7,nystrer01
370,Taylor Pyatt,31,NYR,LW,48,6,5,11,5,6,1.1,5,1,0,0,4,1,0,56,10.7,629,13:06,28,85,4,6,40.0,pyattta01
371,Luke Schenn,23,PHI,D,47,3,8,11,3,34,3.0,3,0,0,0,8,0,0,81,3.7,1028,21:52,102,187,0,0,,schenlu01
372,Marc Staal,26,NYR,D,21,2,9,11,4,14,2.3,1,1,0,0,7,2,0,20,10.0,513,24:27,36,47,0,0,,staalma01
373,Sven Baertschi,20,CGY,LW,20,3,7,10,0,6,1.0,3,0,0,0,7,0,0,28,10.7,268,13:24,5,12,1,0,100.0,baertsv01
374,André Benoit,29,OTT,D,33,3,7,10,-3,8,2.0,2,1,0,2,6,1,0,50,6.0,542,16:25,54,29,0,0,,benoian01
375,T.J. Brennan,23,TOT,D,29,3,7,10,-9,8,1.3,2,1,0,0,4,3,0,42,7.1,484,16:41,32,31,0,0,,brenntj01
376,Alexander Burmistrov,21,WPG,C,44,4,6,10,0,14,0.3,4,0,0,0,6,0,0,55,7.3,688,15:38,16,106,142,159,47.2,burmial01
377,Cal Clutterbuck,25,MIN,RW,42,4,6,10,-5,27,0.4,4,0,0,1,5,0,1,87,4.6,577,13:44,17,155,1,1,50.0,cluttca01
378,Emerson Etem,20,ANA,RW,38,3,7,10,7,9,0.9,3,0,0,0,5,0,2,48,6.3,436,11:28,20,43,2,3,40.0,etemem01
379,Michael Frolík,24,CHI,C,45,3,7,10,5,8,0.6,3,0,0,1,7,0,0,98,3.1,563,12:31,23,32,15,25,37.5,frolimi01
380,Ryan Garbutt,27,DAL,C,36,3,7,10,1,32,0.8,3,0,0,0,7,0,0,59,5.1,357,9:55,9,67,7,10,41.2,garbury01
381,Nathan Gerbe,25,BUF,C,42,5,5,10,-3,14,0.6,4,0,1,0,5,0,0,64,7.8,525,12:30,8,32,0,1,0.0,gerbena01
382,Travis Hamonic,22,NYI,D,48,3,7,10,-8,28,1.7,2,1,0,1,4,2,1,83,3.6,1095,22:48,109,59,0,0,,hamontr01
383,Jay Harrison,30,CAR,D,47,3,7,10,-10,51,1.1,3,0,0,2,6,1,0,54,5.6,936,19:54,110,83,0,0,,harrija01
384,Jan Hejda,34,COL,D,46,1,9,10,-3,28,1.7,1,0,0,1,9,0,0,50,2.0,906,19:42,102,96,0,1,0.0,hejdaja01
385,Niklas Hjalmarsson,25,CHI,D,46,2,8,10,15,22,3.2,2,0,0,0,8,0,0,43,4.7,962,20:54,94,26,0,0,,hjalmni01
386,Dwight King,23,LAK,LW,47,4,6,10,-3,11,0.5,4,0,0,0,6,0,0,60,6.7,600,12:45,9,58,2,4,33.3,kingdw01
387,Filip Kuba,36,FLA,D,44,1,9,10,-18,24,1.0,1,0,0,0,5,4,0,50,2.0,934,21:13,69,37,0,0,,kubafi01
388,Dmitry Kulikov,22,FLA,D,34,3,7,10,-5,22,2.0,1,2,0,2,3,4,0,52,5.8,713,20:59,49,84,0,0,,kulikdm01
389,Maxim Lapierre,27,VAN,C,48,4,6,10,-6,45,0.3,4,0,0,1,6,0,0,54,7.4,605,12:36,18,116,274,268,50.6,lapiema01
390,Guillaume Latendresse,25,OTT,RW,27,6,4,10,-2,8,1.1,5,1,0,0,4,0,0,53,11.3,400,14:48,8,42,0,4,0.0,latengu01
391,Jordan Leopold,32,TOT,D,39,2,8,10,-8,14,1.4,2,0,0,0,4,4,0,60,3.3,783,20:04,57,39,0,0,,leopojo01
392,Ben Lovejoy,28,TOT,D,35,0,10,10,4,29,1.9,0,0,0,0,6,3,1,58,0.0,624,17:50,42,76,0,0,,lovejbe01
393,Clayton Stoner,27,MIN,D,48,0,10,10,0,42,2.3,0,0,0,0,9,0,1,40,0.0,874,18:13,57,87,0,0,,stonecl01
394,Maxime Talbot,28,PHI,C,35,5,5,10,2,23,0.9,4,0,1,0,5,0,0,41,12.2,540,15:26,27,57,92,100,47.9,talboma01
395,Craig Adams,35,PIT,RW,48,3,6,9,-1,28,0.2,2,0,1,0,6,0,0,46,6.5,536,11:10,37,107,51,47,52.0,adamscr01
396,Marc-André Bergeron,32,TOT,D,25,1,8,9,-4,9,0.9,1,0,0,0,3,5,0,43,2.3,344,13:46,19,16,0,0,,bergema02
397,Francis Bouillon,37,MTL,D,48,1,8,9,4,21,2.1,1,0,0,0,8,0,0,46,2.2,868,18:05,50,78,0,0,,bouilfr01
398,Rich Clune,25,NSH,LW,47,4,5,9,3,113,0.8,4,0,0,1,5,0,0,46,8.7,442,9:24,6,159,0,2,0.0,cluneri01
399,Derek Dorsett,26,CBJ,RW,24,3,6,9,-11,53,0.2,3,0,0,0,6,0,0,38,7.9,384,15:59,10,55,13,10,56.5,dorsede01
400,Tim Gleason,30,CAR,D,42,0,9,9,-3,40,1.2,0,0,0,0,8,1,0,36,0.0,822,19:34,64,90,0,0,,gleasti01
401,Josh Gorges,28,MTL,D,48,2,7,9,4,15,2.3,2,0,0,0,7,0,0,40,5.0,1027,21:23,116,68,0,0,,gorgejo01
402,Jack Hillen,27,WSH,D,23,3,6,9,9,14,2.3,3,0,0,1,6,0,0,28,10.7,405,17:37,35,10,0,0,,hilleja01
403,David Jones,28,COL,RW,33,3,6,9,-11,6,-0.1,2,1,0,2,6,0,0,62,4.8,555,16:49,20,45,6,15,28.6,jonesda01
404,Chris Kelly,32,BOS,C,34,3,6,9,-8,16,0.1,2,1,0,0,6,0,0,40,7.5,509,14:58,20,43,216,157,57.9,kellych01
405,Chuck Kobasew,30,COL,RW,37,5,4,9,6,21,1.1,5,0,0,1,4,0,0,43,11.6,417,11:16,17,34,18,31,36.7,kobasch01
406,Leo Komarov,26,TOR,C,42,4,5,9,-1,18,0.3,4,0,0,3,5,0,0,51,7.8,585,13:56,24,176,29,28,50.9,komarle01
407,Riley Nash,23,CAR,C,32,4,5,9,-4,8,0.5,4,0,0,0,5,0,0,36,11.1,410,12:48,10,36,128,161,44.3,nashri02
408,Nikita Nikitin,26,CBJ,D,38,3,6,9,2,17,2.4,2,1,0,0,5,1,0,60,5.0,806,21:12,56,31,0,0,,nikitni01
409,Steven Oleksy,26,WSH,D,28,1,8,9,9,33,2.1,1,0,0,0,8,0,0,25,4.0,484,17:16,52,58,0,0,,oleksst01
410,Aaron Palushaj,23,COL,RW,25,2,7,9,-2,8,0.7,2,0,0,0,7,0,0,29,6.9,283,11:19,13,32,2,6,25.0,palusaa01
411,Richard Pánik,21,TBL,RW,25,5,4,9,-2,4,0.9,4,1,0,1,3,1,0,34,14.7,283,11:20,13,38,1,2,33.3,panikri01
412,Lennart Petrell,28,EDM,C,35,3,6,9,-4,4,0.5,2,0,1,0,5,0,1,23,13.0,404,11:32,22,63,3,10,23.1,petrele01
413,Joni Pitkänen,29,CAR,D,22,1,8,9,2,12,1.6,1,0,0,0,6,2,0,34,2.9,502,22:49,34,16,0,0,,pitkajo01
414,Alexei Ponikarovsky,32,TOT,LW,42,4,5,9,-1,14,0.6,4,0,0,1,5,0,0,51,7.8,553,13:10,15,81,2,5,28.6,ponikal01
415,Kevin Porter,26,BUF,RW,31,4,5,9,-1,10,0.6,3,0,1,0,4,0,1,37,10.8,472,15:14,18,56,109,162,40.2,porteke01
416,Paul Postma,23,WPG,D,34,4,5,9,-5,6,1.4,2,2,0,0,3,2,0,32,12.5,511,15:02,27,17,0,0,,postmpa01
417,Tuomo Ruutu,29,CAR,C,17,4,5,9,-6,8,0.7,4,0,0,0,5,0,0,30,13.3,259,15:14,7,51,1,7,12.5,ruututu01
418,Jordan Schroeder,22,VAN,C,31,3,6,9,0,4,0.7,2,1,0,2,6,0,0,28,10.7,425,13:43,11,10,140,181,43.6,schrojo01
419,Nick Schultz,30,EDM,D,48,1,8,9,-13,24,1.0,1,0,0,0,8,0,0,33,3.0,894,18:38,107,52,0,2,0.0,schulni01
420,Reilly Smith,21,DAL,RW,37,3,6,9,0,8,0.6,3,0,0,0,6,0,0,34,8.8,404,10:55,6,18,3,1,75.0,smithre01
421,Michael Stone,22,PHX,D,40,5,4,9,2,16,2.2,4,1,0,0,3,1,0,50,10.0,667,16:41,64,89,0,0,,stonemi01
422,Mike Weaver,34,FLA,D,27,1,8,9,-3,8,1.6,1,0,0,0,8,0,0,21,4.8,544,20:08,51,49,0,0,,weavemi01
423,Wojtek Wolski,26,WSH,LW,27,4,5,9,1,6,0.8,4,0,0,2,4,1,0,49,8.2,360,13:21,9,5,1,4,20.0,wolskwo01
424,Dainius Zubrus,34,NJD,RW,22,2,7,9,-3,12,0.6,2,0,0,0,5,0,2,22,9.1,369,16:47,9,31,11,17,39.3,zubruda01
425,Joakim Andersson,23,DET,C,38,3,5,8,2,8,0.6,3,0,0,0,4,1,0,43,7.0,459,12:05,12,17,144,166,46.5,anderjo03
426,Jay Beagle,27,WSH,C,48,2,6,8,-1,14,0.0,2,0,0,1,6,0,0,56,3.6,581,12:06,23,55,249,195,56.1,beaglja01
427,Steve Bégin,34,CGY,C,36,4,4,8,-2,22,0.8,3,0,1,2,4,0,0,31,12.9,288,8:00,21,62,57,60,48.7,beginst01
428,Chris Butler,26,CGY,D,44,1,7,8,-10,19,0.9,0,0,1,0,7,0,0,40,2.5,750,17:02,74,53,0,0,,butlech01
429,B.J. Crombeen,27,TBL,RW,44,1,7,8,4,112,0.2,1,0,0,0,7,0,0,50,2.0,488,11:05,15,44,4,16,20.0,crombbj01
430,Brenden Dillon,22,DAL,D,48,3,5,8,1,65,2.1,3,0,0,1,5,0,0,75,4.0,1026,21:23,74,133,0,0,,dillobr01
431,Patrick Eaves,28,DET,RW,34,2,6,8,-1,4,0.5,2,0,0,1,5,1,0,42,4.8,360,10:35,11,40,7,4,63.6,eavespa01
432,Cory Emmerton,24,DET,C,48,5,3,8,-1,4,0.6,5,0,0,0,2,1,0,55,9.1,519,10:49,26,28,187,226,45.3,emmerco01
433,Mark Fraser,26,TOR,D,45,0,8,8,18,85,2.9,0,0,0,0,8,0,0,33,0.0,763,16:57,102,153,0,0,,frasema01
434,Mikael Granlund,20,MIN,C,27,2,6,8,-4,6,0.4,2,0,0,0,4,2,0,36,5.6,356,13:11,8,15,97,109,47.1,granlmi01
435,Erik Gustafsson,24,PHI,D,27,3,5,8,-1,2,1.8,3,0,0,1,4,1,0,36,8.3,544,20:09,39,15,0,1,0.0,gustaer01
436,Michal Handzuš,35,TOT,C,39,2,6,8,-2,16,0.3,2,0,0,0,6,0,0,41,4.9,512,13:08,30,31,236,190,55.4,handzmi01
437,Matt Hendricks,31,WSH,C,48,5,3,8,-6,73,0.1,5,0,0,1,3,0,0,54,9.3,563,11:43,31,93,147,112,56.8,hendrma01
438,Rostislav Klesla,30,PHX,D,38,2,6,8,0,22,1.6,2,0,0,0,6,0,0,44,4.5,670,17:38,60,40,0,0,,kleslro01
439,Mike Knuble,40,PHI,RW,28,4,4,8,-4,20,0.6,3,1,0,1,3,1,0,31,12.9,362,12:55,11,25,4,3,57.1,knublmi01
440,Mike Kostka,27,TOR,D,35,0,8,8,-7,27,0.8,0,0,0,0,3,5,0,49,0.0,773,22:05,66,49,0,0,,kostkmi01
441,Matthew Lombardi,30,TOT,C,28,4,4,8,-2,8,0.5,3,1,0,1,3,1,0,44,9.1,391,13:58,14,24,105,131,44.5,lombama01
442,Derek MacKenzie,31,CBJ,C,43,3,5,8,1,36,0.6,3,0,0,0,5,0,0,33,9.1,445,10:20,19,122,192,131,59.4,mackede01
443,Ryan Malone,33,TBL,LW,24,6,2,8,-3,22,0.6,4,2,0,1,2,0,0,37,16.2,378,15:44,9,49,9,14,39.1,malonry01
444,Jamie McBain,24,CAR,D,40,1,7,8,0,12,1.4,1,0,0,0,7,0,0,46,2.2,737,18:25,63,22,0,0,,mcbaija02
445,Drew Miller,28,DET,LW,44,4,4,8,-8,2,0.0,3,1,0,2,4,0,0,54,7.4,608,13:49,41,81,1,3,25.0,milledr01
446,Torrey Mitchell,28,MIN,C,45,4,4,8,-8,21,0.2,4,0,0,1,4,0,0,39,10.3,472,10:30,22,47,21,21,50.0,mitchto01
447,Tyler Myers,22,BUF,D,39,3,5,8,-8,32,1.1,2,1,0,2,3,2,0,48,6.3,831,21:19,56,58,0,0,,myersty01
448,Brooks Orpik,32,PIT,D,46,0,8,8,17,32,2.5,0,0,0,0,8,0,0,32,0.0,1025,22:17,114,119,0,0,,orpikbr01
449,Chris Porter,28,STL,C,29,2,6,8,5,0,0.8,2,0,0,2,6,0,0,46,4.3,337,11:38,5,65,25,33,43.1,portech01
450,Luca Sbisa,23,ANA,D,41,1,7,8,0,23,1.6,1,0,0,1,4,3,0,39,2.6,813,19:50,57,99,0,0,,sbisalu01
451,Brendan Smith,23,DET,D,34,0,8,8,1,36,1.7,0,0,0,0,6,2,0,33,0.0,626,18:24,35,20,0,0,,smithbr05
452,Jordin Tootoo,29,DET,RW,42,3,5,8,0,78,0.6,3,0,0,1,4,1,0,45,6.7,381,9:05,7,68,0,0,,tootojo01
453,Brandon Yip,27,NSH,RW,34,3,5,8,-3,26,0.4,3,0,0,0,5,0,0,35,8.6,409,12:02,7,46,8,13,38.1,yipbr01
454,Mats Zuccarello,25,NYR,LW,15,3,5,8,10,8,1.3,3,0,0,0,3,1,1,27,11.1,246,16:25,15,27,0,4,0.0,zuccama01
455,Keith Aulie,23,TBL,D,45,2,5,7,1,60,1.2,2,0,0,0,5,0,0,37,5.4,577,12:49,42,91,0,0,,aulieke01
456,Victor Bartley,24,NSH,D,24,0,7,7,2,6,1.5,0,0,0,0,7,0,0,19,0.0,469,19:33,28,35,0,0,,bartlvi01
457,Taylor Beck,21,NSH,LW,16,3,4,7,0,2,0.7,2,1,0,0,3,1,0,39,7.7,258,16:06,11,13,6,3,66.7,beckta01
458,Jonathon Blum,24,NSH,D,35,1,6,7,-1,6,1.4,1,0,0,0,6,0,0,26,3.8,500,14:18,44,32,0,0,,blumjo02
459,Justin Braun,25,SJS,D,41,0,7,7,-5,6,1.5,0,0,0,0,6,1,0,48,0.0,771,18:48,51,53,0,0,,braunju01
460,Alex Chiasson,22,DAL,RW,7,6,1,7,3,0,1.4,5,1,0,1,1,0,0,13,46.2,99,14:05,2,10,5,13,27.8,chiasal01
461,Simon Despres,21,PIT,D,33,2,5,7,9,20,1.9,2,0,0,0,4,1,0,33,6.1,499,15:07,31,48,0,0,,desprsi01
462,Davis Drewiske,28,TOT,D,29,2,5,7,3,14,1.7,1,1,0,0,5,0,0,28,7.1,441,15:12,35,21,1,0,100.0,drewida01
463,Colin Fraser,28,LAK,C,34,2,5,7,-4,25,0.3,2,0,0,0,5,0,0,19,10.5,319,9:22,11,71,78,90,46.4,fraseco01
464,Roman Horák,21,CGY,C,20,2,5,7,-5,2,0.3,2,0,0,0,4,0,1,28,7.1,291,14:32,13,18,93,112,45.4,horakro01
465,Ryan Jones,28,EDM,LW,27,2,5,7,0,17,0.4,2,0,0,0,5,0,0,38,5.3,350,12:59,13,55,2,7,22.2,jonesry01
466,Tomáš Kundrátek,23,WSH,D,25,1,6,7,-5,8,0.7,1,0,0,0,3,3,0,23,4.3,404,16:09,23,21,0,0,,kundrto01
467,John Moore,22,TOT,D,30,1,6,7,4,7,1.7,1,0,0,0,6,0,0,29,3.4,400,13:20,32,38,0,0,,moorejo01
468,Dalton Prout,22,CBJ,D,28,1,6,7,15,25,2.8,1,0,0,0,5,1,0,16,6.3,519,18:32,40,51,0,0,,proutda01
469,Wade Redden,35,TOT,D,29,3,4,7,-2,11,1.5,3,0,0,0,3,1,0,28,10.7,437,15:04,30,16,0,0,,reddewa01
470,Kris Russell,25,STL,D,33,1,6,7,6,9,2.2,0,1,0,0,5,1,0,41,2.4,530,16:03,57,26,0,0,,russekr01
471,David Steckel,30,TOT,C,34,1,6,7,0,4,0.3,1,0,0,0,6,0,0,23,4.3,315,9:16,21,41,175,146,54.5,steckda01
472,Anton Strålman,26,NYR,D,48,4,3,7,14,16,3.2,4,0,0,0,3,0,0,66,6.1,866,18:03,42,75,0,1,0.0,stralan01
473,Chris Tanev,23,VAN,D,38,2,5,7,4,10,2.0,2,0,0,1,5,0,0,20,10.0,657,17:17,61,14,0,0,,tanevch01
474,Tomáš Tatar,22,DET,C,18,4,3,7,2,4,1.0,3,1,0,0,3,0,0,32,12.5,205,11:22,5,9,1,0,100.0,tatarto01
475,Shawn Thornton,35,BOS,RW,45,3,4,7,1,60,0.5,3,0,0,0,4,0,0,55,5.5,365,8:06,13,77,7,10,41.2,thornsh01
476,Marc-Édouard Vlasic,25,SJS,D,48,3,4,7,5,29,3.0,3,0,0,0,4,0,0,59,5.1,1000,20:49,81,27,0,0,,vlasima01
477,Mike Weber,25,BUF,D,42,1,6,7,3,70,1.6,1,0,0,0,5,0,1,25,4.0,771,18:22,92,122,0,0,,webermi01
478,Bryan Allen,32,ANA,D,41,0,6,6,1,34,1.3,0,0,0,0,6,0,0,25,0.0,768,18:44,66,63,0,0,,allenbr01
479,Jordie Benn,25,DAL,D,26,1,5,6,-4,10,0.8,0,1,0,0,5,0,0,31,3.2,450,17:19,31,25,0,0,,bennjo01
480,Paul Bissonnette,27,PHX,LW,28,0,6,6,2,36,0.5,0,0,0,0,6,0,0,13,0.0,152,5:25,8,36,0,0,,bissopa01
481,Jared Boll,26,CBJ,RW,43,2,4,6,1,100,0.4,2,0,0,0,4,0,0,19,10.5,348,8:05,7,80,4,5,44.4,bollja01
482,Johnny Boychuk,29,BOS,D,44,1,5,6,5,12,2.0,1,0,0,0,5,0,0,75,1.3,898,20:24,87,79,0,0,,boychjo01
483,Adam Cracknell,27,STL,RW,20,2,4,6,3,4,0.8,2,0,0,0,4,0,0,21,9.5,172,8:37,7,22,6,19,24.0,crackad01
484,Matt D'Agostini,26,TOT,RW,29,3,3,6,-5,8,0.3,3,0,0,0,2,1,0,33,9.1,357,12:19,12,21,5,13,27.8,dagosma01
485,Andrew Ebbett,30,VAN,C,28,1,5,6,-1,4,0.2,1,0,0,0,5,0,0,23,4.3,345,12:19,15,17,106,161,39.7,ebbetan01
486,Ryan Ellis,22,NSH,D,32,2,4,6,-2,15,1.3,0,2,0,0,4,0,0,48,4.2,524,16:23,29,22,0,0,,ellisry01
487,Deryk Engelland,30,PIT,D,42,0,6,6,5,54,1.2,0,0,0,0,6,0,0,31,0.0,585,13:55,57,70,0,0,,engelde01
488,John Erskine,32,WSH,D,30,3,3,6,10,34,2.2,3,0,0,0,3,0,0,32,9.4,554,18:28,62,91,0,0,,erskijo01
489,Mark Fayne,25,NJD,D,31,1,5,6,6,16,2.1,0,0,1,0,5,0,0,34,2.9,561,18:06,40,25,0,0,,faynema01
490,Mark Fistric,26,EDM,D,25,0,6,6,6,32,1.6,0,0,0,0,6,0,0,9,0.0,383,15:20,53,88,0,0,,fistrma01
491,Bruno Gervais,28,PHI,D,37,1,5,6,-17,10,0.1,1,0,0,0,5,0,0,49,2.0,634,17:08,41,25,0,0,,gervabr01
492,Eric Gryba,24,OTT,D,33,2,4,6,-3,26,1.6,2,0,0,0,4,0,0,51,3.9,669,20:17,37,89,0,0,,grybaer01
493,Matt Hunwick,27,COL,D,43,0,6,6,4,16,1.7,0,0,0,0,6,0,0,57,0.0,925,21:31,59,40,0,0,,hunwima01
494,Dustin Jeffrey,24,PIT,C,24,3,3,6,1,2,0.5,3,0,0,0,3,0,0,26,11.5,276,11:31,5,6,94,106,47.0,jeffrdu01
495,Nick Johnson,27,PHX,RW,17,4,2,6,3,0,0.9,3,1,0,1,2,0,0,23,17.4,169,9:57,1,13,0,3,0.0,johnsni01
496,Tyler Johnson,22,TBL,C,14,3,3,6,3,4,0.7,3,0,0,0,3,0,0,11,27.3,183,13:04,4,18,72,49,59.5,johnsty01
497,Adam Larsson,20,NJD,D,37,0,6,6,4,12,1.9,0,0,0,0,6,0,0,30,0.0,670,18:06,49,37,0,0,,larssad01
498,Ville Leino,29,BUF,LW,8,2,4,6,0,6,0.7,1,1,0,0,3,1,0,11,18.2,126,15:48,2,5,4,6,40.0,leinovi01
499,Toni Lydman,35,ANA,D,35,0,6,6,-1,12,1.1,0,0,0,0,5,0,1,28,0.0,679,19:23,76,83,0,0,,lydmato01
500,Travis Moen,30,MTL,LW,45,2,4,6,-4,32,-0.3,2,0,0,0,4,0,0,32,6.3,524,11:39,22,82,4,6,40.0,moentr01
501,Douglas Murray,32,TOT,D,43,1,5,6,-9,35,0.8,1,0,0,0,5,0,0,27,3.7,756,17:35,98,89,0,0,,murrado01
502,Jordan Nolan,23,LAK,C,44,2,4,6,-5,46,0.1,2,0,0,0,4,0,0,23,8.7,373,8:28,5,72,0,8,0.0,nolanjo01
503,Gustav Nyquist,23,DET,LW,22,3,3,6,0,6,0.5,3,0,0,0,1,2,0,46,6.5,287,13:02,3,2,1,3,25.0,nyquigu01
504,Jim O'Brien,24,OTT,C,29,5,1,6,-2,8,0.6,4,1,0,0,1,0,0,38,13.2,331,11:25,13,30,100,119,45.7,obrieji01
505,Ryan O'Byrne,28,TOT,D,42,2,4,6,-4,60,1.2,2,0,0,0,4,0,0,26,7.7,778,18:32,69,104,0,0,,obyrnry01
506,Mark Olver,25,COL,C,32,4,2,6,-5,6,0.4,4,0,0,0,2,0,0,33,12.1,289,9:03,17,28,59,83,41.5,olverma01
507,Roman Polák,26,STL,D,48,1,5,6,-2,48,1.9,1,0,0,1,5,0,0,39,2.6,884,18:25,78,110,0,0,,polakro01
508,Ryan Reaves,26,STL,RW,43,4,2,6,3,79,0.8,4,0,0,1,2,0,0,24,16.7,320,7:27,7,135,3,0,100.0,reavery01
509,Brad Richardson,27,LAK,RW,16,1,5,6,2,10,0.6,1,0,0,0,5,0,0,27,3.7,174,10:54,3,22,27,29,48.2,richabr02
510,Bobby Sanguinetti,24,CAR,D,37,2,4,6,-6,4,0.7,2,0,0,1,3,1,0,48,4.2,546,14:45,40,50,0,1,0.0,sangubo01
511,David Schlemko,25,PHX,D,30,1,5,6,8,12,1.8,1,0,0,0,5,0,0,35,2.9,517,17:13,57,38,0,0,,schleda01
512,Jerred Smithson,33,TOT,C,45,3,3,6,-4,12,0.1,3,0,0,0,3,0,0,29,10.3,480,10:40,30,96,265,213,55.4,smithje01
513,Brad Stuart,33,SJS,D,48,0,6,6,4,25,2.5,0,0,0,0,5,0,1,39,0.0,982,20:27,89,87,0,0,,stuarbr02
514,Dale Weise,24,VAN,RW,40,3,3,6,-7,43,0.1,3,0,0,2,3,0,0,35,8.6,382,9:33,13,84,1,7,12.5,weiseda01
515,Greg Zanon,32,COL,D,44,0,6,6,-16,28,0.0,0,0,0,0,5,0,1,40,0.0,851,19:20,124,65,0,0,,zanongr01
516,Karl Alzner,24,WSH,D,48,1,4,5,-6,14,0.7,1,0,0,0,4,0,0,39,2.6,1006,20:57,85,45,0,0,,alzneka01
517,Colby Armstrong,30,MTL,RW,37,2,3,5,1,12,0.0,2,0,0,0,3,0,0,33,6.1,414,11:12,21,36,9,12,42.9,armstco01
518,Patrick Bordeleau,26,COL,LW,46,2,3,5,-7,70,0.0,2,0,0,0,3,0,0,24,8.3,286,6:13,3,116,0,2,0.0,bordepa02
519,Drayson Bowman,23,CAR,C,37,3,2,5,-7,17,-0.2,3,0,0,0,2,0,0,68,4.4,433,11:42,14,55,4,6,40.0,bowmadr01
520,Brian Boyle,28,NYR,C,38,2,3,5,-13,29,-0.7,2,0,0,1,2,1,0,56,3.6,540,14:13,30,145,215,166,56.4,boylebr01
521,Braydon Coburn,27,PHI,D,33,1,4,5,-10,41,0.7,1,0,0,0,4,0,0,38,2.6,746,22:37,61,76,0,0,,coburbr01
522,Tim Erixon,21,CBJ,D,31,0,5,5,4,14,1.5,0,0,0,0,3,2,0,21,0.0,487,15:42,35,20,0,0,,erixoti01
523,Kurtis Foster,31,PHI,D,23,1,4,5,0,25,1.0,0,1,0,0,4,0,0,21,4.8,301,13:05,16,16,0,0,,fosteku01
524,Paul Gaustad,30,NSH,C,23,2,3,5,-1,20,0.2,2,0,0,0,3,0,0,35,5.7,350,15:13,19,40,268,181,59.7,gaustpa01
525,Mikhail Grigorenko,18,BUF,C,25,1,4,5,-1,0,0.2,1,0,0,0,4,0,0,31,3.2,256,10:14,2,2,57,92,38.3,grigomi01
526,Radko Gudas,22,TBL,D,22,2,3,5,3,38,1.1,2,0,0,1,3,0,0,31,6.5,374,17:00,28,87,0,0,,gudasra01
527,Peter Harrold,29,NJD,D,23,2,3,5,-8,6,0.7,1,1,0,0,1,2,0,36,5.6,406,17:38,10,21,0,0,,harrope01
528,Peter Holland,22,ANA,C,21,3,2,5,4,4,0.6,2,1,0,0,2,0,0,26,11.5,243,11:35,8,17,89,114,43.8,hollape01
529,Tim Jackman,31,CGY,RW,42,1,4,5,-9,76,-0.2,1,0,0,0,3,1,0,42,2.4,319,7:36,17,98,11,13,45.8,jackmti01
530,Alex Kovalev,39,FLA,RW,14,2,3,5,-1,6,0.4,1,1,0,1,2,1,0,21,9.5,219,15:37,5,7,1,2,33.3,kovalal01
531,Philip Larsen,23,DAL,D,32,2,3,5,-10,18,0.3,1,1,0,0,3,0,0,30,6.7,476,14:53,18,50,0,0,,larseph01
532,Brian Lashoff,22,DET,D,31,1,4,5,-10,15,0.5,1,0,0,0,4,0,0,26,3.8,551,17:47,43,44,0,0,,lashobr01
533,Alec Martinez,25,LAK,D,27,1,4,5,-2,10,1.0,1,0,0,0,3,1,0,30,3.3,433,16:01,31,31,0,0,,martial01
534,Tye McGinn,22,PHI,LW,18,3,2,5,0,19,0.5,3,0,0,1,2,0,0,33,9.1,229,12:43,1,19,0,0,,mcginty01
535,Frazer McLaren,25,TOT,LW,36,3,2,5,0,102,0.6,3,0,0,2,2,0,0,20,15.0,187,5:12,9,53,4,7,36.4,mclarfr01
536,Antti Miettinen,32,WPG,RW,22,3,2,5,-3,2,0.3,3,0,0,2,2,0,0,26,11.5,278,12:39,7,29,0,4,0.0,miettan01
537,Chris Mueller,26,NSH,C,18,2,3,5,-4,6,0.3,2,0,0,1,3,0,0,22,9.1,193,10:42,15,14,92,93,49.7,muellch01
538,Mark Pysyk,21,BUF,D,19,1,4,5,-7,0,0.3,0,1,0,0,4,0,0,21,4.8,309,16:17,9,6,0,0,,pysykma01
539,Marty Reasoner,35,NYI,C,31,0,5,5,-3,4,-0.2,0,0,0,0,5,0,0,34,0.0,348,11:14,14,21,157,142,52.5,reasoma01
540,Zac Rinaldo,22,PHI,C,32,3,2,5,-7,85,0.2,3,0,0,0,2,0,0,15,20.0,268,8:23,12,143,1,1,50.0,rinalza01
541,Aaron Rome,29,DAL,D,27,0,5,5,-2,18,0.7,0,0,0,0,5,0,0,15,0.0,414,15:20,32,43,0,0,,romeaa01
542,Jason Spezza,29,OTT,C,5,2,3,5,3,2,0.8,1,1,0,0,2,1,0,12,16.7,96,19:11,2,0,68,51,57.1,spezzja01
543,Tyler Toffoli,20,LAK,C,10,2,3,5,3,2,0.7,1,1,0,0,2,1,0,20,10.0,120,11:59,1,4,0,0,,toffoty01
544,David Ullström,23,NYI,LW,20,2,3,5,-2,6,0.4,2,0,0,1,3,0,0,28,7.1,190,9:30,1,23,10,8,55.6,ullstda01
545,Scottie Upshall,29,FLA,RW,27,4,1,5,-8,25,0.1,3,1,0,1,1,0,0,54,7.4,364,13:30,6,38,9,5,64.3,upshasc01
546,Joe Vitale,27,PIT,C,33,2,3,5,-7,17,-0.2,2,0,0,1,3,0,0,26,7.7,314,9:31,19,45,157,100,61.1,vitaljo01
547,Anton Volchenkov,30,NJD,D,37,1,4,5,-1,37,1.4,1,0,0,0,4,0,0,38,2.6,594,16:03,50,51,0,0,,volchan01
548,James Wright,22,WPG,C,38,2,3,5,-5,31,-0.2,2,0,0,0,3,0,0,32,6.3,441,11:36,17,43,22,24,47.8,wrighja02
549,Jason Zucker,21,MIN,LW,20,4,1,5,4,8,0.8,4,0,0,0,1,0,0,34,11.8,225,11:16,5,11,0,1,0.0,zuckeja01
550,Adrian Aucoin,39,CBJ,D,36,0,4,4,-8,16,0.4,0,0,0,0,4,0,0,26,0.0,588,16:20,13,43,0,0,,aucoiad01
551,Robert Bortuzzo,23,PIT,D,15,2,2,4,3,27,1.0,2,0,0,0,2,0,0,10,20.0,199,13:17,14,18,0,0,,borturo01
552,Chris Bourque,27,BOS,LW,18,1,3,4,-6,6,-0.1,1,0,0,1,0,3,0,24,4.2,217,12:05,7,25,0,1,0.0,bourqch01
553,Kaspars Daugaviņš,24,TOT,LW,25,1,3,4,-8,9,-0.2,1,0,0,0,2,1,0,36,2.8,275,11:01,10,23,9,9,50.0,daugaka01
554,Radek Dvořák,35,ANA,RW,9,4,0,4,2,2,0.8,4,0,0,1,0,0,0,17,23.5,118,13:08,1,2,0,2,0.0,dvorara01
555,Stefan Elliott,22,COL,D,18,1,3,4,-3,2,0.6,1,0,0,0,2,1,0,35,2.9,315,17:30,18,10,0,0,,elliost01
556,Jake Gardiner,22,TOR,D,12,0,4,4,0,0,0.6,0,0,0,0,2,2,0,12,0.0,246,20:29,15,13,0,0,,gardija01
557,Nicklas Grossmann,28,PHI,D,30,1,3,4,-1,21,1.1,1,0,0,0,3,0,0,21,4.8,550,18:20,82,81,0,0,,grossni01
558,Erik Gudbranson,21,FLA,D,32,0,4,4,-22,47,-0.6,0,0,0,0,3,1,0,49,0.0,600,18:45,32,80,0,0,,gudbrer01
559,Adam Hall,32,TOT,RW,37,0,4,4,0,23,-0.3,0,0,0,0,4,0,0,34,0.0,390,10:32,26,59,141,110,56.2,hallad01
560,Jimmy Hayes,23,CHI,RW,10,1,3,4,0,0,0.3,1,0,0,0,3,0,0,13,7.7,143,14:20,9,11,4,3,57.1,hayesji01
561,Thomas Hickey,23,NYI,D,39,1,3,4,9,8,1.9,1,0,0,1,3,0,0,40,2.5,658,16:52,47,27,0,0,,hicketh01
562,Erik Johnson,24,COL,D,31,0,4,4,-3,18,0.7,0,0,0,0,4,0,0,64,0.0,643,20:45,58,44,0,0,,johnser01
563,Brooks Laich,29,WSH,C,9,1,3,4,2,6,0.4,1,0,0,0,2,1,0,10,10.0,149,16:32,6,14,41,40,50.6,laichbr01
564,Chad Larose,30,CAR,RW,35,2,2,4,-8,29,-0.5,2,0,0,0,2,0,0,65,3.1,450,12:51,6,59,9,13,40.9,larosch01
565,Adam McQuaid,26,BOS,D,32,1,3,4,0,60,1.0,1,0,0,0,2,0,1,26,3.8,457,14:18,43,62,0,0,,mcquaad01
566,J.T. Miller,19,NYR,C,26,2,2,4,-7,8,-0.2,1,1,0,0,1,1,0,43,4.7,352,13:31,12,47,63,55,53.4,millejt01
567,Shane O'Brien,29,COL,D,28,0,4,4,0,60,0.8,0,0,0,0,4,0,0,28,0.0,434,15:30,36,42,0,0,,obriesh01
568,Colton Orr,30,TOR,RW,44,1,3,4,4,155,0.2,1,0,0,0,3,0,0,13,7.7,281,6:23,17,78,0,1,0.0,orrco01
569,Jean-Gabriel Pageau,20,OTT,C,9,2,2,4,3,0,0.6,2,0,0,2,2,0,0,14,14.3,103,11:30,3,11,40,42,48.8,pageaje01
570,Ondřej Palát,21,TBL,LW,14,2,2,4,5,0,0.5,2,0,0,1,2,0,0,16,12.5,164,11:44,1,28,0,6,0.0,palaton01
571,Adam Pardy,28,BUF,D,17,0,4,4,4,14,1.0,0,0,0,0,4,0,0,6,0.0,281,16:30,16,24,0,0,,pardyad01
572,Corey Potter,29,EDM,D,33,3,1,4,8,6,2.1,3,0,0,0,0,1,0,36,8.3,576,17:27,36,50,0,0,,potteco01
573,Zach Redmond,24,WPG,D,8,1,3,4,0,12,0.7,0,0,1,0,2,1,0,13,7.7,157,19:35,8,12,0,0,,redmoza01
574,Robyn Regehr,32,TOT,D,41,0,4,4,-4,23,0.7,0,0,0,0,4,0,0,27,0.0,796,19:25,69,100,0,0,,regehro01
575,Mike Rupp,33,TOT,C,40,1,3,4,-2,79,-0.1,1,0,0,0,3,0,0,29,3.4,334,8:21,9,48,16,11,59.3,ruppmi01
576,Mike Santorelli,27,TOT,C,34,2,2,4,-12,2,-0.5,2,0,0,0,2,0,0,35,5.7,403,11:52,3,12,56,38,59.6,santomi01
577,James Sheppard,24,SJS,C,32,1,3,4,-9,12,-0.3,1,0,0,1,3,0,0,40,2.5,376,11:45,17,63,2,4,33.3,sheppja01
578,Ladislav Šmíd,26,EDM,D,48,1,3,4,-1,55,1.5,1,0,0,0,2,0,1,30,3.3,975,20:19,119,151,0,0,,smidla01
579,Tyson Strachan,28,FLA,RW,38,0,4,4,-13,40,-1.2,0,0,0,0,4,0,0,42,0.0,720,18:58,62,110,0,0,,stracty01
580,Brian Strait,25,NYI,D,19,0,4,4,4,10,1.1,0,0,0,0,4,0,0,13,0.0,326,17:09,21,33,0,0,,straibr01
581,Mark Stuart,28,WPG,D,42,2,2,4,5,53,1.6,2,0,0,0,2,0,0,40,5.0,702,16:42,81,111,0,0,,stuarma01
582,Alexander Sulzer,28,BUF,D,17,3,1,4,3,10,1.2,3,0,0,1,1,0,0,15,20.0,281,16:31,19,5,0,0,,sulzeal01
583,Henrik Tallinder,34,NJD,D,25,1,3,4,0,10,1.2,1,0,0,0,2,1,0,22,4.5,439,17:34,15,15,0,0,,tallihe01
584,Eric Tangradi,23,TOT,LW,41,1,3,4,-2,22,-0.3,1,0,0,0,3,0,0,48,2.1,413,10:05,22,87,0,2,0.0,tangrer01
585,Chris Thorburn,29,WPG,C,42,2,2,4,-5,70,0.0,2,0,0,0,2,0,0,13,15.4,266,6:19,19,65,20,26,43.5,thorbch01
586,Dana Tyrell,23,TBL,C,21,1,3,4,-3,4,0.0,1,0,0,0,3,0,0,19,5.3,217,10:21,2,24,5,10,33.3,tyrelda01
587,Kris Versteeg,26,FLA,RW,10,2,2,4,-8,8,0.1,2,0,0,0,1,1,0,20,10.0,169,16:53,3,5,0,5,0.0,verstkr01
588,Tomáš Vincour,22,TOT,C,17,2,2,4,-1,4,0.4,2,0,0,0,2,0,0,12,16.7,151,8:52,2,24,0,5,0.0,vincoto01
589,Stephen Weiss,29,FLA,C,17,1,3,4,-13,25,-0.5,0,1,0,0,2,1,0,19,5.3,314,18:28,10,6,141,135,51.1,weissst01
590,Kevin Westgarth,28,CAR,RW,31,2,2,4,1,45,0.4,2,0,0,0,2,0,0,16,12.5,177,5:43,1,28,0,3,0.0,westgke01
591,Ian White,28,DET,D,25,2,2,4,5,4,1.7,2,0,0,0,2,0,0,27,7.4,490,19:35,32,14,1,0,100.0,whiteia01
592,Éric Bélanger,35,EDM,C,26,0,3,3,-1,10,-0.3,0,0,0,0,3,0,0,31,0.0,367,14:07,15,19,203,175,53.7,belaner01
593,Todd Bertuzzi,37,DET,RW,7,2,1,3,3,2,0.5,2,0,0,0,1,0,0,10,20.0,109,15:31,1,6,0,0,,bertuto01
594,David Booth,28,VAN,LW,12,1,2,3,-3,4,0.1,1,0,0,0,2,0,0,27,3.7,153,12:45,1,24,1,0,100.0,boothda01
595,Tim Brent,28,CAR,C,30,0,3,3,-3,8,-0.3,0,0,0,0,1,2,0,23,0.0,294,9:48,15,31,124,116,51.7,brentti01
596,Adam Burish,30,SJS,C,46,1,2,3,-7,25,-0.5,0,0,1,0,2,0,0,39,2.6,486,10:34,33,65,122,106,53.5,burisad01
597,Daniel Carcillo,28,CHI,LW,23,2,1,3,1,11,0.2,2,0,0,1,1,0,0,23,8.7,207,9:00,6,37,0,1,0.0,carcida01
598,Jordan Caron,22,BOS,RW,17,1,2,3,1,4,0.2,1,0,0,0,2,0,0,20,5.0,160,9:24,4,18,0,0,,caronjo01
599,Mark Cundari,22,CGY,D,4,1,2,3,-2,2,0.4,0,1,0,0,1,1,0,8,12.5,79,19:46,4,15,0,0,,cundama01
600,Zac Dalpe,23,CAR,C,10,1,2,3,-7,0,-0.1,1,0,0,0,2,0,0,18,5.6,123,12:18,4,14,1,2,33.3,dalpeza01
601,Jason Demers,24,SJS,D,22,1,2,3,-4,10,0.7,1,0,0,0,2,0,0,27,3.7,410,18:38,24,32,0,0,,demerja01
602,Andrew Desjardins,26,SJS,C,42,2,1,3,-6,61,-0.3,2,0,0,0,1,0,0,51,3.9,425,10:07,27,53,39,33,54.2,desjaan01
603,Gabriel Dumont,22,MTL,C,10,1,2,3,1,13,0.3,1,0,0,0,2,0,0,20,5.0,97,9:41,6,21,29,17,63.0,dumonga01
604,Keaton Ellerby,24,TOT,D,44,0,3,3,3,52,1.3,0,0,0,0,3,0,0,23,0.0,637,14:29,43,74,0,0,,ellerke01
605,Steve Eminger,29,NYR,D,35,0,3,3,9,8,1.5,0,0,0,0,3,0,0,22,0.0,456,13:02,41,53,0,0,,emingst01
606,Justin Falk,24,MIN,D,36,0,3,3,-9,40,0.2,0,0,0,0,3,0,0,27,0.0,476,13:13,39,53,0,0,,falkju01
607,Matt Fraser,22,DAL,LW,12,1,2,3,0,0,0.2,1,0,0,0,2,0,0,17,5.9,142,11:48,8,13,0,0,,frasema02
608,Aaron Gagnon,26,WPG,C,10,3,0,3,2,2,0.6,3,0,0,1,0,0,0,11,27.3,82,8:09,4,7,30,27,52.6,gagnoaa01
609,Jeff Halpern,36,TOT,C,46,1,2,3,-8,10,-0.7,1,0,0,1,2,0,0,26,3.8,468,10:11,22,56,208,163,56.1,halpeje01
610,Teemu Hartikainen,22,EDM,LW,23,1,2,3,-8,6,-0.3,0,1,0,0,0,2,0,21,4.8,243,10:34,3,22,1,3,25.0,hartite01
611,Korbinian Holzer,24,TOR,D,22,2,1,3,-12,28,-0.2,2,0,0,1,1,0,0,16,12.5,407,18:30,54,61,0,0,,holzeko01
612,Jacob Josefson,21,NJD,C,22,1,2,3,-10,2,-0.4,1,0,0,0,2,0,0,20,5.0,286,12:59,7,12,114,122,48.3,josefja01
613,Tomáš Kaberle,34,MTL,D,10,0,3,3,4,0,0.8,0,0,0,0,3,0,0,11,0.0,135,13:33,11,2,0,0,,kaberto01
614,Chris Kreider,21,NYR,C,23,2,1,3,-1,6,0.1,2,0,0,0,1,0,0,19,10.5,233,10:07,6,36,0,1,0.0,kreidch01
615,Pierre-Cédric Labrie,26,TBL,LW,19,2,1,3,2,30,0.3,2,0,0,0,1,0,0,16,12.5,163,8:33,6,40,2,2,50.0,labripi01
616,Oliver Lauridsen,23,PHI,D,15,2,1,3,0,34,0.8,2,0,0,2,1,0,0,14,14.3,227,15:08,24,36,0,0,,lauriol01
617,Pat Maroon,24,ANA,LW,13,2,1,3,-1,10,0.3,2,0,0,0,1,0,0,21,9.5,127,9:47,7,22,4,10,28.6,maroopa01
618,Radek Martínek,36,NYI,D,13,3,0,3,-2,4,0.7,3,0,0,1,0,0,0,12,25.0,210,16:09,19,15,0,0,,martira01
619,Stefan Matteau,18,NJD,C,17,1,2,3,-1,6,0.2,1,0,0,0,2,0,0,22,4.5,156,9:11,1,25,0,4,0.0,mattest02
620,Brian McGrattan,31,TOT,RW,21,3,0,3,-4,49,0.3,3,0,0,1,0,0,0,18,16.7,149,7:06,6,32,0,1,0.0,mcgrabr01
621,Kyle Quincey,27,DET,D,36,1,2,3,7,18,1.9,1,0,0,0,1,1,0,36,2.8,692,19:13,46,29,0,0,,quincky01
622,Peter Regin,26,OTT,C,27,0,3,3,-4,8,-0.3,0,0,0,0,3,0,0,37,0.0,311,11:31,8,12,92,118,43.8,reginpe01
623,Max Reinhart,20,CGY,C,11,1,2,3,-3,4,0.1,1,0,0,0,1,1,0,26,3.8,159,14:25,2,8,34,57,37.4,reinhma01
624,Jeff Schultz,26,WSH,D,26,0,3,3,-6,12,0.0,0,0,0,0,3,0,0,12,0.0,371,14:15,25,17,0,0,,schulje02
625,Tom Sestito,25,TOT,LW,30,3,0,3,-2,65,0.3,3,0,0,1,0,0,0,14,21.4,193,6:26,2,39,1,1,50.0,sestito01
626,Ryan Wilson,25,COL,D,12,0,3,3,4,8,0.9,0,0,0,0,3,0,0,23,0.0,222,18:30,12,17,0,0,,wilsory01
627,Arron Asham,34,NYR,RW,27,2,0,2,2,50,0.2,2,0,0,0,0,0,0,14,14.3,179,6:38,4,39,5,5,50.0,ashamar01
628,Keith Ballard,30,VAN,D,36,0,2,2,-2,29,0.6,0,0,0,0,2,0,0,35,0.0,557,15:28,34,45,0,0,,ballake01
629,Daniel Bang,25,NSH,RW,8,0,2,2,-2,0,0.0,0,0,0,0,2,0,0,13,0.0,103,12:54,0,12,0,0,,bangda01
630,Cam Barker,26,VAN,D,14,0,2,2,-3,4,0.2,0,0,0,0,2,0,0,19,0.0,199,14:12,16,16,0,0,,barkeca01
631,Matt Bartkowski,24,BOS,D,11,0,2,2,0,6,0.4,0,0,0,0,2,0,0,9,0.0,148,13:29,3,11,0,0,,bartkma01
632,Nathan Beaulieu,20,MTL,D,6,0,2,2,5,0,0.7,0,0,0,0,2,0,0,8,0.0,92,15:22,4,3,0,0,,beaulna01
633,Brett Bellemore,24,CAR,D,8,0,2,2,-2,7,0.1,0,0,0,0,2,0,0,3,0.0,110,13:46,13,14,0,0,,bellebr01
634,Zach Boychuk,23,TOT,C,13,1,1,2,-1,6,0.0,1,0,0,0,1,0,0,14,7.1,160,12:19,2,10,0,0,,boychza01
635,Mike Brown,27,TOT,RW,39,1,1,2,-7,123,-0.5,1,0,0,0,1,0,0,18,5.6,293,7:31,13,87,5,3,62.5,brownmi02
636,Matt Carkner,32,NYI,D,22,0,2,2,-2,46,0.3,0,0,0,0,2,0,0,19,0.0,277,12:35,19,27,0,0,,carknma01
637,Chris Conner,29,PHX,RW,12,1,1,2,3,2,0.2,1,0,0,0,1,0,0,15,6.7,137,11:23,5,15,0,2,0.0,connech01
638,Joey Crabb,29,WSH,RW,26,2,0,2,-1,8,-0.1,2,0,0,0,0,0,0,20,10.0,245,9:25,17,24,7,27,20.6,crabbjo01
639,Stéphane Da Costa,23,OTT,RW,9,1,1,2,-3,0,0.0,1,0,0,0,0,1,0,15,6.7,107,11:52,1,8,39,25,60.9,dacosst01
640,David Dziurzynski,23,OTT,C,12,2,0,2,-1,13,0.2,2,0,0,0,0,0,0,20,10.0,151,12:33,3,29,3,1,75.0,dziurda01
641,Ben Eager,29,EDM,LW,14,1,1,2,-4,25,-0.1,1,0,0,0,1,0,0,14,7.1,135,9:40,6,40,0,0,,eagerbe01
642,Colton Gillies,23,CBJ,C,27,1,1,2,1,17,0.0,1,0,0,0,1,0,0,17,5.9,224,8:18,10,61,0,2,0.0,gillico01
643,Tanner Glass,29,PIT,LW,48,1,1,2,-11,62,-1.1,0,1,0,0,1,0,0,38,2.6,483,10:04,21,125,22,29,43.1,glassta01
644,Ryan Hamilton,27,TOR,LW,10,0,2,2,1,0,0.1,0,0,0,0,2,0,0,6,0.0,109,10:51,7,22,4,14,22.2,hamilry01
645,Jesse Joensuu,25,NYI,RW,7,0,2,2,2,6,0.2,0,0,0,0,2,0,0,15,0.0,71,10:08,0,12,0,0,,joensje01
646,Tim Kennedy,26,SJS,LW,13,2,0,2,-3,2,0.1,2,0,0,1,0,0,0,24,8.3,177,13:35,4,22,3,7,30.0,kenneti01
647,Anders Lee,22,NYI,C,2,1,1,2,-3,0,0.2,1,0,0,0,1,0,0,2,50.0,16,8:12,2,0,0,2,0.0,leean01
648,Lane MacDermid,23,TOT,D,9,2,0,2,1,19,0.6,2,0,0,0,0,0,0,4,50.0,41,4:35,0,13,0,0,,macdela01
649,Brad Malone,23,COL,C,13,1,1,2,-7,16,-0.2,1,0,0,0,1,0,0,10,10.0,114,8:47,3,39,22,24,47.8,malonbr01
650,Brandon Manning,22,PHI,D,6,0,2,2,4,0,0.7,0,0,0,0,2,0,0,5,0.0,89,14:48,4,15,0,0,,mannibr01
651,Jamal Mayers,38,CHI,RW,19,0,2,2,2,16,0.1,0,0,0,0,2,0,0,10,0.0,132,6:58,4,26,42,36,53.8,mayerja01
652,Andrej Meszároš,27,PHI,D,11,0,2,2,-9,2,-0.3,0,0,0,0,1,1,0,18,0.0,203,18:28,24,18,0,0,,meszaan01
653,Zbyněk Michálek,30,PHX,D,34,0,2,2,4,14,1.1,0,0,0,0,2,0,0,42,0.0,724,21:18,87,42,0,0,,michazb01
654,Jeremy Morin,21,CHI,LW,3,1,1,2,1,0,0.3,1,0,0,0,1,0,0,7,14.3,39,13:01,1,3,0,4,0.0,morinje01
655,Jamie Oleksiak,20,DAL,D,16,0,2,2,-5,14,0.0,0,0,0,0,2,0,0,11,0.0,237,14:50,18,32,0,0,,oleksja01
656,George Parros,33,FLA,RW,39,1,1,2,-15,57,-0.7,1,0,0,0,1,0,0,16,6.3,258,6:37,13,53,0,0,,parroge01
657,Anthony Peluso,23,WPG,RW,5,0,2,2,1,14,0.2,0,0,0,0,2,0,0,4,0.0,25,5:00,0,7,0,0,,pelusan01
658,Tom Poti,35,WSH,D,16,0,2,2,-2,2,0.2,0,0,0,0,1,1,0,8,0.0,244,15:13,15,5,0,0,,potito01
659,Bryce Salvador,36,NJD,D,39,0,2,2,-12,22,0.3,0,0,0,0,2,0,0,29,0.0,832,21:20,79,36,0,0,,salvabr01
660,Cory Sarich,34,CGY,D,28,0,2,2,-8,16,-0.1,0,0,0,0,2,0,0,14,0.0,416,14:52,33,43,0,0,,saricco01
661,Jim Slater,30,WPG,C,26,1,1,2,-3,19,-0.3,1,0,0,0,1,0,0,22,4.5,272,10:27,12,41,145,122,54.3,slateji01
662,Carl Söderberg,27,BOS,C,6,0,2,2,-2,6,0.0,0,0,0,0,2,0,0,6,0.0,88,14:44,3,3,7,6,53.8,soderca01
663,Brad Staubitz,28,ANA,RW,15,1,1,2,0,41,0.2,1,0,0,1,1,0,0,5,20.0,93,6:13,7,31,0,0,,staubbr01
664,Matt Tennyson,22,SJS,D,4,0,2,2,2,2,0.5,0,0,0,0,2,0,0,8,0.0,63,15:43,2,4,0,0,,tennyma01
665,Jarred Tinordi,20,MTL,D,8,0,2,2,5,2,0.7,0,0,0,0,2,0,0,5,0.0,94,11:43,6,14,0,0,,tinorja01
666,David Van Der Gulik,29,COL,RW,9,0,2,2,2,6,0.2,0,0,0,0,2,0,0,10,0.0,85,9:26,5,10,4,4,50.0,vandeda01
667,Sami Vatanen,21,ANA,D,8,2,0,2,3,0,0.8,1,1,0,0,0,0,0,6,33.3,127,15:49,13,2,0,0,,vatansa01
668,Aaron Volpatti,27,TOT,RW,33,1,1,2,-2,35,-0.2,1,0,0,0,1,0,0,21,4.8,275,8:20,10,80,1,3,25.0,volpaaa01
669,Tim Wallace,28,CAR,RW,28,1,1,2,-9,17,-0.6,1,0,0,0,1,0,0,20,5.0,281,10:02,4,69,9,21,30.0,wallati01
670,Yannick Weber,24,MTL,D,6,0,2,2,-1,2,0.2,0,0,0,0,1,1,0,3,0.0,83,13:45,4,3,0,0,,weberya01
671,Luke Adam,22,BUF,LW,4,1,0,1,1,2,0.2,1,0,0,0,0,0,0,2,50.0,39,9:48,2,3,1,0,100.0,adamlu01
672,Jason Akeson,22,PHI,C,1,1,0,1,2,0,0.3,1,0,0,0,0,0,0,2,50.0,12,12:23,0,0,0,0,,akesoja01
673,Andrew Alberts,31,VAN,D,24,0,1,1,-7,32,-0.1,0,0,0,0,1,0,0,15,0.0,364,15:11,31,39,0,0,,alberan01
674,Matt Anderson,30,NJD,RW,2,0,1,1,1,0,0.1,0,0,0,0,1,0,0,0,,12,5:47,1,0,0,0,,anderma01
675,Anton Babchuk,28,CGY,D,7,0,1,1,-1,0,0.1,0,0,0,0,1,0,0,5,0.0,83,11:51,9,1,0,0,,babchan01
676,Nick Bjugstad,20,FLA,C,11,1,0,1,-8,2,-0.4,1,0,0,0,0,0,0,17,5.9,167,15:13,2,17,53,79,40.2,bjugsni01
677,Sheldon Brookbank,32,CHI,D,26,1,0,1,-2,21,0.3,0,0,1,0,0,0,0,25,4.0,332,12:45,34,28,0,1,0.0,brooksh01
678,Paul Byron,23,CGY,C,4,0,1,1,-2,2,0.0,0,0,0,0,1,0,0,1,0.0,42,10:27,1,3,7,10,41.2,byronpa01
679,Brett Carson,27,CGY,D,10,0,1,1,-1,0,0.1,0,0,0,0,1,0,0,8,0.0,109,10:56,12,4,0,0,,carsobr01
680,Brett Clark,36,MIN,D,8,0,1,1,-9,0,-0.5,0,0,0,0,1,0,0,6,0.0,113,14:04,11,5,0,0,,clarkbr01
681,Carlo Colaiacovo,30,DET,D,6,0,1,1,-4,2,-0.1,0,0,0,0,0,1,0,12,0.0,113,18:55,10,12,0,0,,colaica01
682,Ian Cole,23,STL,D,15,0,1,1,-4,10,0.2,0,0,0,0,1,0,0,10,0.0,266,17:45,22,6,0,0,,coleia01
683,Brett Connolly,20,TBL,RW,5,1,0,1,-3,0,0.0,0,1,0,0,0,0,0,10,10.0,51,10:16,1,2,4,1,80.0,connobr01
684,Jared Cowen,22,OTT,D,7,1,0,1,1,10,0.5,1,0,0,0,0,0,0,8,12.5,142,20:17,10,26,0,0,,cowenja01
685,Danny DeKeyser,22,DET,D,11,0,1,1,4,2,0.7,0,0,0,0,1,0,0,15,0.0,199,18:03,9,9,0,0,,dekeyda01
686,Steve Downie,25,COL,RW,2,0,1,1,1,6,0.1,0,0,0,0,1,0,0,2,0.0,18,8:54,1,5,1,0,100.0,downist01
687,Benn Ferriero,25,NYR,C,4,0,1,1,0,0,0.1,0,0,0,0,1,0,0,4,0.0,38,9:37,2,4,2,7,22.2,ferribe01
688,Joe Finley,25,NYI,D,16,0,1,1,-5,20,-0.2,0,0,0,0,1,0,0,2,0.0,191,11:57,15,24,0,1,0.0,finlejo01
689,Filip Forsberg,18,NSH,C,5,0,1,1,-5,0,-0.2,0,0,0,0,1,0,0,14,0.0,77,15:29,0,3,0,1,0.0,forsbfi01
690,Cody Goloubef,23,CBJ,D,11,1,0,1,-3,0,0.2,1,0,0,1,0,0,0,14,7.1,163,14:49,7,10,0,0,,golouco01
691,Matt Greene,29,LAK,D,5,0,1,1,-1,8,0.1,0,0,0,0,1,0,0,3,0.0,76,15:17,5,22,0,0,,greenma01
692,Roman Hamrlík,38,TOT,D,16,0,1,1,-4,8,-0.1,0,0,0,0,1,0,0,7,0.0,184,11:29,14,8,0,0,,hamrlro01
693,Scott Hannan,34,TOT,D,33,0,1,1,-14,22,-0.4,0,0,0,0,1,0,0,25,0.0,639,19:21,54,35,0,0,,hannasc01
694,Ben Hanowski,22,CGY,LW,5,1,0,1,0,0,0.1,1,0,0,0,0,0,0,4,25.0,66,13:18,0,8,0,2,0.0,hanowbe01
695,Kevin Henderson,26,NSH,LW,4,1,0,1,-1,0,0.1,1,0,0,0,0,0,0,3,33.3,59,14:42,1,3,0,0,,hendeke01
696,Kent Huskins,33,TOT,D,19,0,1,1,-3,4,0.2,0,0,0,0,1,0,0,4,0.0,298,15:40,37,18,0,0,,huskike01
697,Blair Jones,26,CGY,C,15,0,1,1,-6,10,-0.4,0,0,0,0,1,0,0,22,0.0,161,10:45,9,22,58,51,53.2,jonesbl01
698,Ed Jovanovski,36,FLA,D,6,0,1,1,-4,0,-0.1,0,0,0,0,1,0,0,6,0.0,94,15:40,8,3,0,0,,jovaned01
699,Patrick Kaleta,26,BUF,RW,34,1,0,1,-4,67,-0.6,1,0,0,0,0,0,0,34,2.9,367,10:48,34,86,5,6,45.5,kaletpa01
700,Matt Kassian,26,OTT,LW,15,1,0,1,0,47,0.1,1,0,0,0,0,0,0,6,16.7,96,6:23,4,38,0,0,,kassima01
701,Tom Kostopoulos,34,NJD,RW,15,1,0,1,0,18,0.0,1,0,0,0,0,0,0,13,7.7,136,9:06,3,23,3,2,60.0,kostoto01
702,Torey Krug,21,BOS,D,1,0,1,1,-1,0,0.0,0,0,0,0,0,1,0,0,,16,15:47,1,0,0,0,,krugto01
703,Anton Lander,21,EDM,C,11,0,1,1,-4,2,-0.3,0,0,0,0,0,0,1,11,0.0,121,11:02,2,7,27,28,49.1,landean01
704,Jamie Langenbrunner,37,STL,RW,4,0,1,1,1,0,0.1,0,0,0,0,1,0,0,5,0.0,39,9:47,0,4,0,4,0.0,langeja01
705,Mike Lundin,28,OTT,D,11,0,1,1,-2,0,0.2,0,0,0,0,1,0,0,13,0.0,171,15:30,7,2,0,0,,lundimi01
706,Brandon McMillan,22,ANA,LW,6,0,1,1,-1,2,0.0,0,0,0,0,1,0,0,2,0.0,52,8:45,1,4,12,14,46.2,mcmilbr01
707,Derek Meech,28,WPG,D,16,0,1,1,0,2,0.3,0,0,0,0,1,0,0,5,0.0,235,14:42,12,24,0,0,,meechde01
708,Brendan Mikkelson,25,TBL,D,4,0,1,1,1,6,0.2,0,0,0,0,1,0,0,0,,39,9:46,5,3,0,0,,mikkebr01
709,Kris Newbury,30,NYR,C,6,0,1,1,1,9,0.1,0,0,0,0,1,0,0,4,0.0,47,7:53,0,9,16,16,50.0,newbukr01
710,Scott Nichol,38,STL,C,30,1,0,1,-2,25,-0.3,1,0,0,1,0,0,0,13,7.7,293,9:47,13,27,132,86,60.6,nichosc01
711,Andreas Nödl,25,CAR,RW,8,0,1,1,-1,2,-0.1,0,0,0,0,1,0,0,6,0.0,68,8:28,3,13,1,2,33.3,nodlan01
712,Dmitry Orlov,21,WSH,D,5,0,1,1,5,0,0.6,0,0,0,0,1,0,0,1,0.0,75,14:57,4,2,0,0,,orlovdm01
713,Greg Rallo,31,FLA,C,10,1,0,1,-5,2,-0.1,0,1,0,0,0,0,0,10,10.0,96,9:33,1,20,1,2,33.3,rallogr01
714,Joonas Rask,22,NSH,C,2,0,1,1,-1,0,0.0,0,0,0,0,1,0,0,0,,16,8:01,0,0,0,0,,raskjo01
715,Colby Robak,22,FLA,D,16,0,1,1,-1,17,0.3,0,0,0,0,1,0,0,15,0.0,243,15:11,13,4,0,0,,robakco01
716,Jay Rosehill,27,PHI,D,11,1,0,1,-4,64,0.0,1,0,0,1,0,0,0,7,14.3,75,6:48,5,18,0,0,,rosehja01
717,David Rundblad,22,PHX,D,8,0,1,1,-5,0,-0.2,0,0,0,0,1,0,0,9,0.0,110,13:44,9,7,0,0,,rundbda01
718,Mikael Samuelsson,36,DET,RW,4,0,1,1,-3,0,-0.1,0,0,0,0,1,0,0,4,0.0,51,12:52,1,6,0,0,,samuemi01
719,Marco Scandella,22,MIN,D,6,1,0,1,-1,4,0.3,1,0,0,0,0,0,0,7,14.3,87,14:26,4,8,0,0,,scandma01
720,Colton Sceviour,23,DAL,C,1,0,1,1,-1,0,0.1,0,0,0,0,1,0,0,0,,5,4:51,1,1,1,2,33.3,scevico01
721,Eric Selleck,25,FLA,LW,2,0,1,1,2,17,0.2,0,0,0,0,1,0,0,2,0.0,16,7:55,0,5,0,0,,selleer01
722,Ben Smith,24,CHI,RW,1,1,0,1,1,0,0.2,1,0,0,0,0,0,0,1,100.0,18,18:21,0,1,0,2,0.0,smithbe01
723,Derek Smith,28,CGY,D,22,0,1,1,-5,10,0.0,0,0,0,0,1,0,0,18,0.0,269,12:15,24,7,0,0,,smithde05
724,Ben Street,25,CGY,C,6,0,1,1,-1,0,-0.1,0,0,0,0,0,0,1,13,0.0,82,13:37,2,8,24,27,47.1,streebe01
725,Mattias Tedenby,22,NJD,LW,4,0,1,1,0,2,0.1,0,0,0,0,1,0,0,2,0.0,36,9:00,1,1,0,0,,tedenma01
726,Chris Terry,23,CAR,LW,3,1,0,1,0,0,0.2,1,0,0,1,0,0,0,1,100.0,29,9:36,1,1,1,0,100.0,terrych01
727,Tom Wandell,26,DAL,C,18,1,0,1,0,4,-0.1,1,0,0,1,0,0,0,14,7.1,152,8:27,9,15,46,65,41.4,wandeto01
728,Austin Watson,21,NSH,RW,6,1,0,1,-2,0,0.0,1,0,0,0,0,0,0,4,25.0,76,12:42,2,2,19,25,43.2,watsoau01
729,Jeremy Welsh,24,CAR,LW,5,0,1,1,1,0,0.1,0,0,0,0,1,0,0,4,0.0,29,5:51,0,6,15,5,75.0,welshje01
730,Ryan White,24,MTL,RW,26,1,0,1,1,67,-0.2,1,0,0,0,0,0,0,16,6.3,245,9:25,15,50,91,76,54.5,whitery01
731,Harry Zolnierczyk,25,PHI,LW,7,0,1,1,0,36,0.0,0,0,0,0,1,0,0,4,0.0,52,7:22,3,7,0,0,,zolniha01
732,Akim Aliu,23,CGY,RW,5,0,0,0,-2,14,-0.2,0,0,0,0,0,0,0,2,0.0,54,10:52,2,5,0,0,,aliuak01
733,Mike Angelidis,27,TBL,C,1,0,0,0,0,0,0.0,0,0,0,0,0,0,0,0,,7,7:22,0,0,3,4,42.9,angelmi01
734,Mark Arcobello,24,EDM,LW,1,0,0,0,0,0,0.0,0,0,0,0,0,0,0,0,,18,18:15,2,0,3,7,30.0,arcobma01
735,Carter Bancks,23,CGY,LW,2,0,0,0,0,0,0.0,0,0,0,0,0,0,0,0,,29,14:41,3,6,0,0,,banckca01
736,Mark Barberio,22,TBL,D,2,0,0,0,-2,0,-0.2,0,0,0,0,0,0,0,1,0.0,31,15:30,1,0,0,0,,barbema01
737,Krys Barch,32,NJD,RW,22,0,0,0,1,44,-0.1,0,0,0,0,0,0,0,4,0.0,129,5:51,3,25,1,1,50.0,barchkr01
738,Stu Bickel,26,NYR,D,16,0,0,0,-2,49,-0.1,0,0,0,0,0,0,0,2,0.0,88,5:31,6,13,0,0,,bickest01
739,Nicolas Blanchard,25,CAR,C,9,0,0,0,-2,20,-0.2,0,0,0,0,0,0,0,6,0.0,78,8:41,2,22,1,0,100.0,blancni01
740,Mike Blunden,26,MTL,RW,5,0,0,0,-1,4,-0.1,0,0,0,0,0,0,0,5,0.0,42,8:21,3,2,0,0,,blundmi01
741,Alexandre Bolduc,27,PHX,C,14,0,0,0,-4,2,-0.4,0,0,0,0,0,0,0,17,0.0,107,7:38,3,21,7,14,33.3,boldual01
742,Brandon Bollig,26,CHI,LW,25,0,0,0,-1,51,-0.4,0,0,0,0,0,0,0,34,0.0,200,8:01,6,41,0,3,0.0,bollibr01
743,Mark Borowiecki,23,OTT,D,6,0,0,0,1,18,0.2,0,0,0,0,0,0,0,1,0.0,78,13:00,5,26,0,0,,borowma01
744,Eric Boulton,36,NYI,LW,15,0,0,0,-4,36,-0.3,0,0,0,0,0,0,0,5,0.0,85,5:40,6,23,0,0,,boulter01
745,Chris Brown,21,PHX,C,5,0,0,0,0,2,-0.1,0,0,0,0,0,0,0,6,0.0,38,7:38,0,6,0,0,,brownch01
746,Michael Caruso,24,FLA,D,2,0,0,0,-1,0,-0.1,0,0,0,0,0,0,0,0,,16,7:55,2,0,0,0,,carusmi01
747,Joe Colborne,23,TOR,C,5,0,0,0,-1,2,-0.1,0,0,0,0,0,0,0,4,0.0,46,9:07,0,11,15,14,51.7,colbojo01
748,Sean Collins,24,CBJ,C,5,0,0,0,-2,6,-0.2,0,0,0,0,0,0,0,0,,62,12:30,5,3,1,4,20.0,collise02
749,Patrice Cormier,22,WPG,C,10,0,0,0,-3,7,-0.2,0,0,0,0,0,0,0,4,0.0,39,3:53,2,15,1,5,16.7,cormipa01
750,Frank Corrado,19,VAN,D,3,0,0,0,-1,0,0.0,0,0,0,0,0,0,0,4,0.0,58,19:24,5,8,0,0,,corrafr01
751,Jake Dowell,27,MIN,C,2,0,0,0,0,0,0.0,0,0,0,0,0,0,0,3,0.0,17,8:33,0,2,2,1,66.7,dowelja01
752,Nick Drazenovic,26,CBJ,C,8,0,0,0,-2,4,-0.2,0,0,0,0,0,0,0,5,0.0,79,9:56,1,8,29,25,53.7,drazeni01
753,Mark Eaton,35,PIT,D,23,0,0,0,9,4,0.8,0,0,0,0,0,0,0,8,0.0,414,17:59,33,9,0,0,,eatonma01
754,Mattias Ekholm,22,NSH,D,1,0,0,0,-1,0,-0.1,0,0,0,0,0,0,0,0,,16,16:05,0,0,0,0,,ekholma01
755,Matt Ellis,31,BUF,LW,6,0,0,0,0,0,-0.1,0,0,0,0,0,0,0,8,0.0,37,6:12,3,0,15,21,41.7,ellisma01
756,Éric Gélinas,21,NJD,D,1,0,0,0,-1,0,-0.1,0,0,0,0,0,0,0,1,0.0,16,15:59,0,1,0,0,,geliner01
757,Hal Gill,37,NSH,D,32,0,0,0,-3,12,0.2,0,0,0,0,0,0,0,8,0.0,428,13:23,38,28,0,0,,gillha01
758,Matt Gilroy,28,NYR,D,15,0,0,0,-3,6,-0.1,0,0,0,0,0,0,0,14,0.0,143,9:33,6,6,0,0,,gilroma01
759,Andrew Gordon,27,VAN,RW,6,0,0,0,-1,0,-0.1,0,0,0,0,0,0,0,2,0.0,51,8:25,1,4,2,3,40.0,gordoan01
760,Marc-André Gragnani,25,CAR,LW,1,0,0,0,0,0,0.0,0,0,0,0,0,0,0,0,,8,7:53,0,0,0,0,,gragnma01
761,Derek Grant,22,OTT,C,5,0,0,0,-1,0,-0.1,0,0,0,0,0,0,0,5,0.0,43,8:40,0,8,17,14,54.8,grantde01
762,Micheal Haley,26,NYR,C,9,0,0,0,-1,12,-0.1,0,0,0,0,0,0,0,4,0.0,60,6:38,5,21,2,1,66.7,haleymi01
763,Darren Helm,26,DET,C,1,0,0,0,0,2,0.0,0,0,0,0,0,0,0,1,0.0,12,12:27,0,4,6,8,42.9,helmda01
764,Jordan Hendry,28,ANA,D,2,0,0,0,0,0,0.0,0,0,0,0,0,0,0,0,,35,17:35,2,1,0,0,,hendrjo02
765,Mike Hoffman,23,OTT,C,3,0,0,0,-1,2,-0.1,0,0,0,0,0,0,0,6,0.0,37,12:19,2,8,2,0,100.0,hoffmmi02
766,Nick Holden,25,CBJ,D,2,0,0,0,1,0,0.1,0,0,0,0,0,0,0,2,0.0,17,8:35,0,3,0,0,,holdeni01
767,Darcy Hordichuk,32,EDM,LW,4,0,0,0,-1,2,-0.1,0,0,0,0,0,0,0,0,,8,2:02,0,6,0,0,,hordida01
768,Quinton Howden,21,FLA,C,18,0,0,0,-11,2,-0.8,0,0,0,0,0,0,0,22,0.0,188,10:27,6,21,1,3,25.0,howdequ01
769,Cam Janssen,28,NJD,RW,4,0,0,0,-1,2,-0.1,0,0,0,0,0,0,0,0,,16,3:58,0,5,0,0,,janssca01
770,Dmitrij Jaškin,19,STL,RW,2,0,0,0,-1,0,-0.1,0,0,0,0,0,0,0,2,0.0,15,7:30,0,2,0,0,,jaskidm01
771,Nicklas Jensen,19,VAN,LW,2,0,0,0,-1,0,-0.1,0,0,0,0,0,0,0,0,,28,13:51,0,2,0,0,,jenseni01
772,Aaron Johnson,29,BOS,D,10,0,0,0,0,10,0.1,0,0,0,0,0,0,0,8,0.0,149,14:52,5,18,0,0,,johnsaa01
773,Michal Jordán,22,CAR,D,5,0,0,0,-2,2,-0.1,0,0,0,0,0,0,0,2,0.0,53,10:41,2,0,0,0,,jordami01
774,Derek Joslin,25,VAN,D,2,0,0,0,-2,0,-0.1,0,0,0,0,0,0,0,2,0.0,34,17:00,4,4,0,0,,joslide01
775,Bracken Kearns,31,SJS,C,1,0,0,0,0,0,0.0,0,0,0,0,0,0,0,0,,12,12:04,0,3,0,0,,kearnbr01
776,Mike Komisarek,31,TOR,D,4,0,0,0,2,2,0.2,0,0,0,0,0,0,0,1,0.0,61,15:21,6,11,0,0,,komismi01
777,Matthew Konan,21,PHI,D,2,0,0,0,0,0,0.0,0,0,0,0,0,0,0,4,0.0,32,15:56,2,5,0,0,,konanma01
778,Zenon Konopka,32,MIN,C,37,0,0,0,-4,117,-0.7,0,0,0,0,0,0,0,18,0.0,312,8:26,9,23,162,105,60.7,konopze01
779,Shawn Lalonde,22,CHI,D,1,0,0,0,1,0,0.1,0,0,0,0,0,0,0,0,,15,14:47,0,3,0,0,,lalonsh01
780,Johan Larsson,20,MIN,LW,1,0,0,0,0,0,0.0,0,0,0,0,0,0,0,2,0.0,14,14:02,1,2,0,0,,larssjo02
781,Scott Laughton,18,PHI,C,5,0,0,0,0,0,-0.1,0,0,0,0,0,0,0,10,0.0,58,11:31,1,10,19,24,44.2,laughsc01
782,Drew LeBlanc,23,CHI,C,2,0,0,0,-3,0,-0.2,0,0,0,0,0,0,0,3,0.0,27,13:20,0,0,9,9,50.0,lebladr01
783,Brian Lee,25,TBL,D,22,0,0,0,-13,16,-1.0,0,0,0,0,0,0,0,13,0.0,306,13:55,28,49,0,0,,leebr01
784,Andreas Lilja,37,PHI,D,4,0,0,0,-1,0,0.0,0,0,0,0,0,0,0,2,0.0,67,16:47,7,12,0,0,,liljaan01
785,Steve MacIntyre,32,PIT,LW,1,0,0,0,0,12,0.0,0,0,0,0,0,0,0,0,,5,4:31,0,2,0,0,,macinst01
786,Manny Malhotra,32,VAN,C,9,0,0,0,-3,0,-0.3,0,0,0,0,0,0,0,2,0.0,100,11:08,4,8,64,34,65.3,malhoma01
787,Jonathan Marchessault,22,CBJ,C,2,0,0,0,-1,0,-0.1,0,0,0,0,0,0,0,0,,22,10:57,0,1,0,0,,audymjo01
788,Brandon Mashinter,24,NYR,LW,4,0,0,0,-2,0,-0.1,0,0,0,0,0,0,0,2,0.0,24,5:55,1,7,1,0,100.0,mashibr01
789,Cody McCormick,29,BUF,C,8,0,0,0,-2,10,-0.2,0,0,0,0,0,0,0,6,0.0,52,6:27,5,17,12,13,48.0,mccorco01
790,Andy Miele,24,PHX,C,1,0,0,0,1,0,0.0,0,0,0,0,0,0,0,0,,9,9:02,0,2,2,1,66.7,mielean01
791,Ryan Murphy,19,CAR,D,4,0,0,0,-4,2,-0.3,0,0,0,0,0,0,0,7,0.0,84,21:04,9,2,0,0,,murphry01
792,Andrew Murray,31,STL,C,1,0,0,0,0,0,0.0,0,0,0,0,0,0,0,2,0.0,8,7:49,0,1,0,0,,murraan01
793,Jan Muršak,25,DET,LW,2,0,0,0,0,4,0.0,0,0,0,0,0,0,0,0,,11,5:39,0,0,1,1,50.0,mursaja01
794,Jay Pandolfo,38,BOS,LW,18,0,0,0,-2,2,-0.4,0,0,0,0,0,0,0,11,0.0,163,9:04,8,25,2,3,40.0,pandoja01
795,Greg Pateryn,22,MTL,D,3,0,0,0,0,0,0.0,0,0,0,0,0,0,0,0,,29,9:36,1,2,0,0,,patergr01
796,Theo Peckham,25,EDM,D,4,0,0,0,-1,6,0.0,0,0,0,0,0,0,0,2,0.0,71,17:38,5,14,0,0,,peckhth01
797,Matt Pelech,25,SJS,D,2,0,0,0,0,7,0.0,0,0,0,0,0,0,0,0,,18,9:03,0,6,0,0,,pelecma01
798,Harri Pesonen,24,NJD,C,4,0,0,0,-1,2,-0.1,0,0,0,0,0,0,0,3,0.0,37,9:11,0,4,0,0,,pesonha01
799,Toby Petersen,34,DAL,C,1,0,0,0,0,0,0.0,0,0,0,0,0,0,0,0,,7,6:40,0,1,1,1,50.0,peterto01
800,Nicholas Petrecki,23,SJS,D,1,0,0,0,0,0,0.0,0,0,0,0,0,0,0,0,,12,11:58,2,1,0,0,,petreni01
801,Alexander Petrovic,20,FLA,D,6,0,0,0,-8,25,-0.5,0,0,0,0,0,0,0,5,0.0,113,18:47,4,10,0,0,,petroal01
802,Steve Pinizzotto,28,VAN,C,12,0,0,0,-6,29,-0.5,0,0,0,0,0,0,0,9,0.0,120,10:00,4,29,0,0,,pinizst01
803,Brandon Pirri,21,CHI,C,1,0,0,0,0,0,0.0,0,0,0,0,0,0,0,2,0.0,18,17:55,1,1,6,8,42.9,pirribr01
804,Darroll Powe,27,TOT,C,42,0,0,0,-1,27,-0.7,0,0,0,0,0,0,0,23,0.0,378,9:00,22,82,56,48,53.8,poweda01
805,Nate Prosser,26,MIN,D,17,0,0,0,4,4,0.6,0,0,0,0,0,0,0,5,0.0,191,11:15,22,17,0,0,,prossna01
806,Rickard Rakell,19,ANA,RW,4,0,0,0,-2,0,-0.2,0,0,0,0,0,0,0,3,0.0,36,8:57,0,4,10,11,47.6,rakelri01
807,Dylan Reese,28,PIT,D,3,0,0,0,0,0,0.0,0,0,0,0,0,0,0,1,0.0,46,15:16,4,0,0,0,,reesedy01
808,Jon Rheault,26,FLA,RW,5,0,0,0,0,0,-0.1,0,0,0,0,0,0,0,5,0.0,53,10:34,4,12,0,1,0.0,rheaujo01
809,Mathieu Roy,29,TBL,D,1,0,0,0,-1,0,-0.1,0,0,0,0,0,0,0,0,,14,14:07,0,0,0,0,,royma01
810,Chad Ruhwedel,22,BUF,D,7,0,0,0,0,0,0.1,0,0,0,0,0,0,0,8,0.0,99,14:12,8,7,0,0,,ruhwech01
811,David Savard,22,CBJ,D,4,0,0,0,-3,0,-0.2,0,0,0,0,0,0,0,1,0.0,53,13:12,2,4,0,0,,savarda01
812,Mark Scheifele,19,WPG,C,4,0,0,0,0,0,-0.1,0,0,0,0,0,0,0,6,0.0,46,11:32,0,4,10,4,71.4,scheima01
813,Cameron Schilling,24,WSH,D,1,0,0,0,-1,0,-0.1,0,0,0,0,0,0,0,0,,12,11:58,1,0,0,0,,schilca01
814,John Scott,30,BUF,D,34,0,0,0,-1,69,0.0,0,0,0,0,0,0,0,15,0.0,185,5:27,5,38,0,0,,scottjo01
815,Brandon Segal,29,NYR,RW,1,0,0,0,0,2,0.0,0,0,0,0,0,0,0,0,,5,5:21,1,0,0,0,,segalbr01
816,Tim Sestito,28,NJD,LW,6,0,0,0,1,2,0.0,0,0,0,0,0,0,0,4,0.0,47,7:52,2,10,14,12,53.8,sestiti01
817,Michael Sgarbossa,20,COL,C,6,0,0,0,-3,4,-0.2,0,0,0,0,0,0,0,6,0.0,62,10:22,1,4,9,16,36.0,sgarbmi01
818,Riley Sheahan,21,DET,C,1,0,0,0,0,0,0.0,0,0,0,0,0,0,0,1,0.0,7,6:47,0,0,0,1,0.0,sheahri01
819,Jody Shelley,36,PHI,LW,1,0,0,0,0,0,0.0,0,0,0,0,0,0,0,0,,8,7:58,0,3,0,0,,shelljo01
820,Trevor Smith,27,PIT,LW,1,0,0,0,0,0,0.0,0,0,0,0,0,0,0,0,,10,10:24,1,0,0,0,,smithtr01
821,Devante Smith-Pelly,20,ANA,RW,7,0,0,0,-4,0,-0.3,0,0,0,0,0,0,0,5,0.0,63,9:00,4,14,0,0,,smithde06
822,Ryan Spooner,21,BOS,C,4,0,0,0,0,0,-0.1,0,0,0,0,0,0,0,4,0.0,36,9:07,2,1,11,13,45.8,spoonry01
823,Jared Staal,22,CAR,RW,2,0,0,0,-2,2,-0.1,0,0,0,0,0,0,0,3,0.0,27,13:23,1,12,0,0,,staalja01
824,Ryan Stanton,23,CHI,D,1,0,0,0,1,2,0.1,0,0,0,0,0,0,0,1,0.0,17,17:05,2,1,0,0,,stantry01
825,Mark Stone,20,OTT,RW,4,0,0,0,-1,2,-0.1,0,0,0,0,0,0,0,3,0.0,40,10:00,0,10,1,0,100.0,stonema01
826,Chris Summers,24,PHX,D,6,0,0,0,-3,9,-0.2,0,0,0,0,0,0,0,5,0.0,76,12:39,10,12,0,0,,summech01
827,Andrej Šustr,22,TBL,D,2,0,0,0,1,0,0.1,0,0,0,0,0,0,0,2,0.0,21,10:43,1,0,0,0,,sustran01
828,Brett Sutter,25,CAR,C,3,0,0,0,-1,4,-0.1,0,0,0,0,0,0,0,2,0.0,25,8:21,0,7,8,6,57.1,suttebr04
829,Bill Sweatt,24,VAN,LW,1,0,0,0,-1,0,-0.1,0,0,0,0,0,0,0,0,,12,12:24,0,0,0,0,,sweatbi01
830,Matt Taormina,26,TBL,D,2,0,0,0,-1,0,-0.1,0,0,0,0,0,0,0,0,,33,16:39,3,5,0,0,,taormma01
831,Jamie Tardif,28,BOS,RW,2,0,0,0,0,0,0.0,0,0,0,0,0,0,0,1,0.0,10,4:56,2,4,0,0,,tardija01
832,Christian Thomas,20,NYR,RW,1,0,0,0,0,0,0.0,0,0,0,0,0,0,0,2,0.0,13,12:46,0,3,0,0,,thomach01
833,Scott Timmins,23,FLA,C,5,0,0,0,-2,4,-0.2,0,0,0,0,0,0,0,6,0.0,53,10:35,5,6,15,16,48.4,timmisc01
834,Alexander Urbom,22,NJD,D,1,0,0,0,-1,0,-0.1,0,0,0,0,0,0,0,0,,14,14:11,1,1,0,0,,urbomal01
835,Chris VandeVelde,25,EDM,C,11,0,0,0,-3,4,-0.3,0,0,0,0,0,0,0,7,0.0,78,7:03,3,12,21,23,47.7,vandech01
836,Francis Wathier,28,DAL,LW,1,0,0,0,0,0,0.0,0,0,0,0,0,0,0,0,,6,5:40,0,5,0,2,0.0,wathifr01
837,Eric Wellwood,22,PHI,LW,4,0,0,0,0,0,-0.1,0,0,0,0,0,0,0,2,0.0,38,9:25,1,2,0,6,0.0,wellwer01
838,J.T. Wyman,26,TBL,RW,1,0,0,0,-1,0,-0.1,0,0,0,0,0,0,0,0,,14,13:31,0,0,7,4,63.6,wymanja01
839,Nolan Yonkman,31,FLA,D,7,0,0,0,-1,11,0.0,0,0,0,0,0,0,0,4,0.0,68,9:46,2,12,0,0,,yonkmno01