,index,Unnamed: 0,PLAYER,Pos,GP,G,A,PTS,PS,EV,PPG,SHG,GW,EVA,PPA,SHA,S,S%,TOI,ATOI,BLK,HIT,FOW,FOL,FO%,CAP HIT,exchange cap,predict salary,performance score
0,0,0,Connor McDavid,0,82,64,89,153,18.2,39,21,4,11,36,50,3,352,18.2,1836,22:23,40,89,525,486,51.9,12500000,11750000.0,11561605.0,0.9839663829787234
1,1,1,Leon Draisaitl,0,80,52,76,128,14.2,19,32,1,11,45,30,1,247,21.1,1739,21:44,40,66,807,663,54.9,8500000,7750000.0,10208779.0,1.3172618064516128
2,2,2,Nikita Kucherov,0,82,30,83,113,10.7,22,8,0,4,41,42,0,271,11.1,1651,20:08,28,61,2,0,100.0,9500000,8750000.0,9927170.0,1.1345337142857144
3,3,3,Nathan MacKinnon,0,71,42,69,111,13.1,30,12,0,9,47,22,0,366,11.5,1585,22:19,40,53,519,649,44.4,6300000,5550000.0,11472997.0,2.067206666666667
4,4,4,Jason Robertson,0,82,46,63,109,13.9,33,13,0,7,35,28,0,313,14.7,1545,18:50,19,57,0,1,0.0,7750000,7000000.0,7366381.5,1.0523402142857143
5,5,5,Matthew Tkachuk,0,79,40,69,109,12.3,26,14,0,6,46,22,1,322,12.4,1614,20:26,31,68,13,16,44.8,9500000,8750000.0,10061321.0,1.1498652571428571
6,6,6,Mikko Rantanen,0,82,55,50,105,12.8,42,13,0,9,26,24,0,306,18.0,1822,22:13,41,77,222,231,49.0,9250000,8500000.0,9288436.0,1.0927571764705883
7,7,7,Ryan Nugent-Hopkins,0,82,37,67,104,10.9,21,15,1,3,26,38,3,201,18.4,1624,19:48,26,48,308,374,45.2,5125000,4375000.0,6378236.0,1.4578825142857144
8,8,8,Elias Pettersson,0,80,39,63,102,10.9,28,6,5,6,40,19,4,257,15.2,1644,20:33,89,74,442,555,44.3,7350000,6600000.0,6441663.5,0.9760096212121212
9,9,9,Erik Karlsson,1,82,25,76,101,12.4,20,5,0,4,54,22,0,209,12.0,2100,25:37,90,33,0,1,0.0,11500000,10750000.0,8800263.0,0.8186291162790698
10,10,10,Jack Hughes,0,78,43,56,99,11.3,34,9,0,6,34,22,0,336,12.8,1557,19:58,30,12,164,300,35.3,8000000,7250000.0,8172075.0,1.1271827586206897
11,11,11,Brayden Point,0,82,51,44,95,11.2,31,20,0,9,34,10,0,235,21.7,1613,19:40,37,37,417,405,50.7,9500000,8750000.0,6155426.0,0.7034772571428571
12,12,12,Tage Thompson,0,78,47,47,94,11.1,26,20,1,7,33,14,0,295,15.9,1450,18:35,26,55,350,463,43.1,1400000,650000.0,6595473.5,10.146882307692307
13,13,13,Sidney Crosby,0,82,33,60,93,9.6,24,9,0,9,42,18,0,255,12.9,1652,20:09,47,71,978,868,53.0,8700000,7950000.0,7950490.5,1.0000616981132076
14,14,14,Artemi Panarin,0,82,29,63,92,9.1,20,9,0,4,36,27,0,204,14.2,1608,19:36,11,26,6,13,31.6,11642857,10892857.0,6375166.0,0.5852611486591626
15,15,15,Mika Zibanejad,0,82,39,52,91,10.6,18,20,1,5,32,19,1,251,15.5,1637,19:58,48,71,692,706,49.5,8500000,7750000.0,6201738.5,0.8002243225806451
16,16,16,Tim Stützle,0,78,39,51,90,10.0,26,10,3,3,33,18,0,228,17.1,1659,21:16,49,114,202,284,41.6,925000,175000.0,6031304.5,34.464597142857144
17,17,17,William Nylander,0,82,40,47,87,10.0,31,9,0,5,28,19,0,293,13.7,1520,18:33,26,18,25,34,42.4,6962366,6212366.0,6234183.5,1.0035119469780114
18,18,18,Clayton Keller,0,82,37,49,86,8.7,30,6,1,4,35,14,0,223,16.6,1702,20:45,34,18,22,41,34.9,7150000,6400000.0,6219369.0,0.97177640625
19,19,19,Auston Matthews,0,74,40,45,85,10.6,27,13,0,8,30,15,0,327,12.2,1501,20:17,92,78,550,499,52.4,11640250,10890250.0,7091927.5,0.6512180620279608
20,20,20,Steven Stamkos,0,81,34,50,84,8.4,20,14,0,6,29,21,0,240,14.2,1541,19:01,51,92,501,430,53.8,8500000,7750000.0,6274195.0,0.8095735483870967
21,21,21,Zach Hyman,0,79,36,47,83,8.9,21,15,0,3,36,11,0,276,13.0,1592,20:09,19,77,6,6,50.0,5500000,4750000.0,7238734.5,1.523944105263158
22,22,22,Evgeni Malkin,0,82,27,56,83,7.6,16,11,0,3,31,25,0,240,11.3,1524,18:35,33,53,422,434,49.3,6100000,5350000.0,6163808.0,1.152113644859813
23,23,23,Brady Tkachuk,0,82,35,48,83,8.9,24,11,0,6,30,18,0,347,10.1,1528,18:38,9,242,370,395,48.4,8205714,7455714.0,5778190.5,0.7750016296225956
24,24,24,J.T. Miller,0,81,32,50,82,7.5,16,11,5,3,27,19,4,223,14.3,1675,20:41,51,200,487,399,55.0,5250000,4500000.0,5493763.5,1.2208363333333334
25,25,25,Jeff Skinner,0,79,35,47,82,9.3,27,8,0,3,34,13,0,242,14.5,1374,17:24,14,21,142,158,47.3,9000000,8250000.0,4793829.5,0.5810702424242424
26,26,26,Kyle Connor,0,82,31,49,80,7.5,23,8,0,8,28,21,0,273,11.4,1683,20:32,24,43,2,5,28.6,7142857,6392857.0,8045154.0,1.2584598716974273
27,27,27,Nico Hischier,0,81,31,49,80,9.2,21,7,3,9,36,12,1,256,12.1,1562,19:17,61,34,891,763,53.9,7250000,6500000.0,5393473.5,0.8297651538461538
28,28,28,John Tavares,0,80,36,44,80,8.5,18,18,0,9,23,21,0,277,13.0,1413,17:39,36,112,726,519,58.3,11000000,10250000.0,5976881.0,0.5831103414634147
29,29,29,Claude Giroux,0,82,35,44,79,9.0,28,7,0,6,26,17,1,214,16.4,1541,18:48,30,75,712,509,58.3,6500000,5750000.0,4930488.0,0.8574761739130434
30,30,30,Dylan Larkin,0,80,32,47,79,8.0,15,16,1,5,32,15,0,244,13.1,1564,19:33,27,47,737,618,54.4,6100000,5350000.0,6112551.5,1.1425329906542057
31,31,31,Alex Tuch,0,74,36,43,79,9.0,27,8,1,9,31,12,0,218,16.5,1417,19:09,46,54,32,43,42.7,4750000,4000000.0,5501983.0,1.37549575
32,32,32,Aleksander Barkov,0,68,23,55,78,7.3,14,8,1,6,32,22,1,208,11.1,1443,21:13,48,52,731,601,54.9,10000000,9250000.0,8130658.5,0.8789901081081081
33,33,33,Jamie Benn,0,82,33,45,78,9.5,18,13,2,4,27,17,1,190,17.4,1294,15:47,38,97,520,345,60.1,9500000,8750000.0,2855740.5,0.32637034285714284
34,34,34,Joe Pavelski,0,82,28,49,77,9.3,15,13,0,2,34,14,1,184,15.2,1453,17:43,64,93,368,321,53.4,5500000,4750000.0,4070117.2,0.8568667894736842
35,35,35,Quinn Hughes,1,78,7,69,76,10.2,5,2,0,0,36,32,1,154,4.5,2002,25:40,71,29,0,0,,7850000,7100000.0,7039927.5,0.9915390845070422
36,36,36,Roope Hintz,0,73,37,38,75,9.9,25,9,3,5,26,12,0,184,20.1,1282,17:33,45,47,249,230,52.0,3150000,2400000.0,3305414.2,1.3772559375
37,37,37,Kirill Kaprizov,0,67,40,35,75,9.2,23,17,0,6,20,15,0,261,15.3,1415,21:07,28,66,2,3,40.0,9000000,8250000.0,7415968.0,0.8989052121212121
38,38,38,Brock Nelson,0,82,36,39,75,9.1,30,6,0,8,28,11,0,222,16.2,1512,18:26,43,50,490,547,47.3,6000000,5250000.0,4658104.5,0.887258
39,39,39,Alex Ovechkin,0,73,42,33,75,8.5,28,14,0,3,22,11,0,294,14.3,1475,20:12,23,188,4,5,44.4,9500000,8750000.0,6794413.5,0.7765044
40,40,40,Johnny Gaudreau,0,80,21,53,74,5.7,18,3,0,4,32,21,0,220,9.5,1553,19:25,18,5,0,0,,9750000,9000000.0,6575554.5,0.7306171666666667
41,41,41,Dougie Hamilton,1,82,22,52,74,12.1,14,8,0,7,32,20,0,275,8.0,1786,21:46,86,64,0,0,,9000000,8250000.0,5629161.5,0.682322606060606
42,42,42,Andrei Kuzmenko,1,81,39,35,74,8.6,25,14,0,4,30,5,0,143,27.3,1316,16:15,18,13,0,1,0.0,950000,200000.0,2356864.5,11.7843225
43,43,43,Jesper Bratt,1,82,32,41,73,8.1,24,8,0,3,27,14,0,212,15.1,1424,17:22,23,24,0,0,,5450000,4700000.0,3586372.5,0.7630579787234043
44,44,44,Rasmus Dahlin,1,78,15,58,73,10.2,9,6,0,2,32,26,0,204,7.4,2012,25:48,132,105,0,0,,6000000,5250000.0,7047847.5,1.342447142857143
45,45,45,Jake Guentzel,0,78,36,37,73,7.9,25,11,0,6,25,12,0,244,14.8,1569,20:07,46,83,8,8,50.0,6000000,5250000.0,6475900.0,1.2335047619047619
46,46,46,Miro Heiskanen,1,79,11,62,73,11.1,9,2,0,2,29,32,1,206,5.3,2014,25:29,96,49,0,0,,8450000,7700000.0,6759546.5,0.8778631818181818
47,47,47,Jordan Kyrou,0,79,37,36,73,6.7,26,11,0,5,23,12,1,272,13.6,1422,18:00,35,14,5,9,35.7,2800000,2050000.0,5997249.0,2.925487317073171
48,48,48,Brandon Montour,1,80,16,57,73,9.9,13,3,0,5,27,30,0,242,6.6,1930,24:08,93,92,0,0,,3500000,2750000.0,6845394.5,2.489234363636364
49,49,49,Tyler Toffoli,0,82,34,39,73,8.6,24,10,0,4,24,15,0,268,12.7,1362,16:37,14,59,7,5,58.3,4250000,3500000.0,4265259.0,1.2186454285714285
50,50,50,Carter Verhaeghe,0,81,42,31,73,8.7,35,7,0,2,25,6,0,275,15.3,1418,17:30,31,29,20,21,48.8,4166667,3416667.0,4705039.5,1.3770845973576002
51,51,51,Kevin Fiala,0,69,23,49,72,7.1,16,7,0,2,32,17,0,208,11.1,1214,17:36,18,53,8,8,50.0,7875000,7125000.0,5462854.5,0.7667164210526316
52,52,52,Adam Fox,1,82,12,60,72,11.9,11,1,0,5,29,28,3,159,7.5,1999,24:23,125,25,0,0,,9500000,8750000.0,5743836.0,0.6564384
53,53,53,Bo Horvat,0,79,38,32,70,7.5,22,12,4,5,21,10,1,229,16.6,1632,20:39,55,57,958,727,56.9,5500000,4750000.0,5256819.5,1.1066988421052633
54,54,54,Jared McCann,0,79,40,30,70,8.9,30,7,3,3,21,9,0,210,19.0,1291,16:20,28,65,26,52,33.3,5000000,4250000.0,2605347.2,0.6130228823529412
55,55,55,Dylan Cozens,0,81,31,37,68,7.0,24,5,2,1,23,13,1,211,14.7,1336,16:30,30,55,567,607,48.3,894167,144167.0,3168433.8,21.977524329423517
56,56,56,Mark Scheifele,0,81,42,26,68,7.3,30,12,0,10,16,10,0,206,20.4,1659,20:29,38,50,579,628,48.0,6125000,5375000.0,6107589.5,1.1362957209302325
57,57,57,Sebastian Aho,1,75,36,31,67,8.2,26,7,3,9,22,8,1,218,16.5,1462,19:30,21,59,531,503,51.4,8460250,7710250.0,4024854.8,0.5220135209623553
58,58,61,Pavel Buchnevich,0,63,26,41,67,7.3,18,8,0,2,26,13,2,123,21.1,1226,19:27,23,54,64,150,29.9,5800000,5050000.0,4550229.0,0.9010354455445545
59,59,62,Logan Couture,0,82,27,40,67,5.5,21,5,1,4,25,15,0,198,13.6,1569,19:08,70,128,640,709,47.4,8000000,7250000.0,5004859.5,0.6903254482758621
60,60,63,Adrian Kempe,0,82,41,26,67,8.5,27,11,3,6,17,9,0,250,16.4,1538,18:45,32,119,16,35,31.4,5500000,4750000.0,4140181.8,0.8716172105263158
61,61,64,Brad Marchand,0,73,21,46,67,7.0,12,9,0,4,25,20,1,183,11.5,1353,18:32,22,81,22,35,38.6,6125000,5375000.0,4802776.0,0.8935397209302326
62,62,65,Sam Reinhart,0,82,31,36,67,5.9,15,16,0,5,22,11,3,227,13.7,1622,19:47,49,58,236,230,50.6,6500000,5750000.0,6112489.5,1.063041652173913
63,63,66,Mats Zuccarello,0,78,22,45,67,6.2,13,9,0,3,25,20,0,198,11.1,1575,20:12,51,51,24,36,40.0,6000000,5250000.0,5699540.5,1.085626761904762
64,64,67,Alex DeBrincat,0,82,27,39,66,5.6,16,11,0,6,20,19,0,263,10.3,1559,19:00,38,109,10,9,52.6,6400000,5650000.0,6486253.0,1.1480093805309735
65,65,68,Jack Eichel,0,67,27,39,66,7.8,25,2,0,2,26,12,1,223,12.1,1257,18:46,56,59,359,434,45.3,10000000,9250000.0,5212080.5,0.5634681621621621
66,66,69,Cale Makar,1,60,17,49,66,10.5,12,5,0,6,24,25,0,176,9.7,1583,26:23,78,65,0,0,,9000000,8250000.0,6776190.0,0.8213563636363637
67,67,70,Timo Meier,0,78,40,26,66,7.1,23,17,0,5,20,6,0,327,12.2,1512,19:23,37,154,21,36,36.8,6000000,5250000.0,6505963.5,1.2392311428571428
68,68,71,Nick Suzuki,0,82,26,40,66,5.4,16,7,3,2,30,10,0,162,16.0,1730,21:06,56,50,663,738,47.3,7875000,7125000.0,5162744.5,0.7245957192982456
69,69,72,Brayden Schenn,0,82,21,44,65,4.7,15,6,0,3,35,9,0,144,14.6,1511,18:26,41,140,472,542,46.5,6500000,5750000.0,4572706.0,0.7952532173913044
70,70,73,Chandler Stephenson,0,81,16,49,65,5.6,9,6,1,5,38,9,2,120,13.3,1540,19:01,56,74,675,487,58.1,2750000,2000000.0,4480361.5,2.24018075
71,71,74,Dylan Strome,0,81,23,42,65,6.3,20,3,0,2,24,18,0,154,14.9,1352,16:41,43,20,528,554,48.8,3500000,2750000.0,3300858.2,1.200312090909091
72,72,75,Robert Thomas,0,73,18,47,65,5.2,12,5,1,2,30,17,0,106,17.0,1412,19:21,29,15,646,575,52.9,2800000,2050000.0,4593359.5,2.2406631707317075
73,73,76,Trevor Zegras,0,81,23,42,65,5.0,19,4,0,3,29,13,0,184,12.5,1525,18:50,29,46,237,336,41.4,925000,175000.0,4971468.5,28.408391428571427
74,74,77,Vince Dunn,1,81,14,50,64,10.4,14,0,0,2,35,15,0,149,9.4,1917,23:40,80,115,0,0,,4000000,3250000.0,5053376.5,1.5548850769230769
75,75,78,Brandon Hagel,0,81,30,34,64,7.2,22,7,1,3,26,6,2,178,16.9,1510,18:39,58,68,23,58,28.4,1500000,750000.0,3868674.8,5.158233
76,76,79,Alex Killorn,0,82,27,37,64,6.9,23,3,1,5,27,9,1,143,18.9,1411,17:13,31,61,1,1,50.0,4450000,3700000.0,3089530.8,0.8350083108108108
77,77,80,Elias Lindholm,0,80,22,42,64,6.0,11,10,1,2,29,11,2,186,11.8,1492,18:39,50,98,857,681,55.7,4850000,4100000.0,4419041.5,1.077815
78,78,81,Mikhail Sergachev,1,79,10,54,64,9.3,7,3,0,2,29,24,1,156,6.4,1881,23:49,149,128,0,0,,4800000,4050000.0,5494013.5,1.3565465432098764
79,79,82,Vincent Trocheck,0,82,22,42,64,5.7,13,9,0,3,34,8,0,225,9.8,1584,19:19,44,182,721,565,56.1,5625000,4875000.0,5460874.5,1.1201793846153847
80,80,83,Pierre-Luc Dubois,0,73,27,36,63,6.6,16,11,0,1,24,12,0,205,13.2,1347,18:27,47,71,483,505,48.9,6000000,5250000.0,4708475.0,0.896852380952381
81,81,84,Jordan Eberle,0,82,20,43,63,5.7,17,3,0,4,31,12,0,177,11.3,1368,16:41,25,44,34,43,44.2,5500000,4750000.0,3645022.2,0.7673731052631579
82,82,85,Drake Batherson,0,82,22,40,62,4.7,8,14,0,2,25,15,0,249,8.8,1526,18:36,35,115,13,25,34.2,4975000,4225000.0,5876654.5,1.3909241420118343
83,83,86,Brent Burns,1,82,18,43,61,11.4,14,4,0,2,24,19,0,255,7.1,1904,23:13,86,40,1,0,100.0,8000000,7250000.0,5134384.5,0.7081909655172414
84,84,87,Travis Konecny,0,60,31,30,61,6.6,23,5,3,5,17,10,3,191,16.2,1207,20:07,38,55,28,32,46.7,5500000,4750000.0,5241577.5,1.10349
85,85,88,Troy Terry,0,70,23,38,61,5.5,18,5,0,3,31,7,0,188,12.2,1356,19:22,23,12,2,0,100.0,1450000,700000.0,5488887.0,7.841267142857143
86,86,89,Rickard Rakell,0,82,28,32,60,5.7,17,11,0,2,22,10,0,243,11.5,1512,18:26,53,141,10,11,47.6,5000000,4250000.0,5073331.5,1.1937250588235293
87,87,90,Viktor Arvidsson,0,77,26,33,59,5.7,15,10,1,2,18,15,0,228,11.4,1316,17:06,48,25,27,40,40.3,4250000,3500000.0,4054037.8,1.1582965
88,88,91,Roman Josi,1,67,18,41,59,9.9,10,8,0,5,25,16,0,269,6.7,1686,25:10,146,51,0,0,,9059000,8309000.0,7250869.5,0.8726524852569503
89,89,92,Casey Mittelstadt,0,82,15,44,59,4.4,10,4,1,2,32,12,0,135,11.1,1290,15:44,16,30,338,398,45.9,2500000,1750000.0,2839496.2,1.6225692857142857
90,90,93,Patrice Bergeron,0,78,27,31,58,7.0,16,9,2,7,21,10,0,249,10.8,1357,17:24,54,66,1043,663,61.1,2500000,1750000.0,3923581.5,2.2420465714285713
91,91,94,Nick Schmaltz,0,63,22,36,58,5.6,16,6,0,2,29,6,1,132,16.7,1242,19:43,28,12,40,60,40.0,5850000,5100000.0,4785526.5,0.9383385294117647
92,92,95,Matthew Beniers,0,80,24,33,57,5.8,20,4,0,4,26,6,1,148,16.2,1367,17:06,48,79,409,560,42.2,897500,147500.0,3175823.0,21.53100338983051
93,93,96,Patrick Kane,0,73,21,36,57,4.8,17,4,0,1,18,18,0,227,9.3,1410,19:19,19,13,1,1,50.0,10500000,9750000.0,5894000.5,0.6045128717948718
94,94,97,Jonathan Marchessault,0,76,28,29,57,6.1,19,9,0,4,22,7,0,234,12.0,1303,17:08,17,76,21,35,37.5,5000000,4250000.0,4348308.5,1.023131411764706
95,95,98,Pavel Zacha,0,82,21,36,57,6.1,18,3,0,3,30,5,1,131,16.0,1317,16:03,21,67,134,162,45.3,3500000,2750000.0,2201227.8,0.8004464545454546
96,96,99,Mikael Backlund,0,82,19,37,56,5.6,13,5,1,2,27,7,3,260,7.3,1489,18:10,31,97,705,681,50.9,5350000,4600000.0,4509204.5,0.9802618478260869
97,97,100,Max Domi,0,80,20,36,56,4.9,12,8,0,4,25,11,0,179,11.2,1422,17:46,24,22,510,440,53.7,3000000,2250000.0,4067502.0,1.8077786666666666
98,98,101,Matt Duchene,0,71,22,34,56,5.7,17,5,0,3,26,8,0,168,13.1,1301,18:19,32,27,137,122,52.9,8000000,7250000.0,4147888.8,0.5721225862068966
99,99,102,Nazem Kadri,0,82,24,32,56,4.7,13,11,0,4,24,8,0,267,9.0,1411,17:13,31,99,586,648,47.5,7000000,6250000.0,4922304.5,0.78756872
100,100,103,Dawson Mercer,0,82,27,29,56,6.4,24,2,1,6,20,8,1,161,16.8,1358,16:34,63,36,70,95,42.4,894167,144167.0,2565382.2,17.794517816143777
101,101,104,David Perron,0,82,24,32,56,5.3,18,6,0,3,16,16,0,195,12.3,1387,16:55,24,107,2,9,18.2,4750000,4000000.0,3474886.0,0.8687215
102,102,105,Reilly Smith,0,78,26,30,56,6.1,16,6,4,4,26,4,0,180,14.4,1324,16:58,32,69,4,3,57.1,5000000,4250000.0,2612609.0,0.6147315294117647
103,103,106,Tyson Barrie,1,85,13,42,55,7.0,9,4,0,1,14,27,1,163,8.0,1681,19:47,90,55,0,0,,4500000,3750000.0,3555053.2,0.9480142
104,104,107,Brock Boeser,0,74,18,37,55,3.9,12,6,0,3,27,10,0,178,10.1,1276,17:14,32,49,22,35,38.6,6650000,5900000.0,4203292.5,0.7124224576271186
105,105,108,Jonathan Huberdeau,0,79,15,40,55,4.6,11,4,0,1,29,11,0,126,11.9,1332,16:52,27,65,5,10,33.3,5900000,5150000.0,3200124.2,0.6213833495145631
106,106,109,Evgeny Kuznetsov,0,81,12,43,55,3.3,7,5,0,2,30,13,0,172,7.0,1463,18:04,29,43,508,561,47.5,7800000,7050000.0,4485642.5,0.6362613475177304
107,107,110,Andrei Svechnikov,0,64,23,32,55,6.1,18,5,0,4,21,11,0,205,11.2,1155,18:03,17,140,4,5,44.4,7750000,7000000.0,4959021.5,0.7084316428571429
108,108,111,Blake Wheeler,0,72,16,39,55,4.8,9,7,0,6,31,8,0,126,12.7,1227,17:03,35,54,65,61,51.6,8250000,7500000.0,3703454.5,0.4937939333333333
109,109,112,Phillip Danault,0,82,18,36,54,4.0,15,3,0,1,17,17,2,152,11.8,1503,18:20,75,81,692,581,54.4,5500000,4750000.0,3911648.8,0.823505
110,110,113,Kevin Hayes,0,81,18,36,54,4.0,12,6,0,1,26,10,0,209,8.6,1423,17:34,22,52,334,342,49.4,7142857,6392857.0,4214687.5,0.6592807409895137
111,111,114,Chris Kreider,0,79,36,18,54,7.0,24,8,4,3,9,9,0,229,15.7,1455,18:25,24,128,38,46,45.2,6500000,5750000.0,3405786.2,0.592310652173913
112,112,115,Alex Pietrangelo,1,73,11,43,54,8.6,10,1,0,3,28,13,2,170,6.5,1751,23:59,177,65,1,0,100.0,8800000,8050000.0,5138638.5,0.6383401863354037
113,113,116,William Karlsson,0,82,14,39,53,4.5,10,2,2,2,29,7,3,161,8.7,1432,17:28,50,50,632,510,55.3,5900000,5150000.0,3164823.2,0.614528786407767
114,114,117,Hampus Lindholm,1,80,10,43,53,10.9,9,1,0,2,27,16,0,158,6.3,1855,23:11,100,78,0,0,,6500000,5750000.0,4136181.8,0.7193359565217391
115,115,118,J.T. Compher,0,82,17,35,52,4.1,12,5,0,3,26,9,0,154,11.0,1684,20:32,82,37,813,852,48.8,3500000,2750000.0,5008005.0,1.8210927272727273
116,116,119,Drew Doughty,1,81,9,43,52,8.5,5,4,0,2,20,23,0,145,6.2,2125,26:14,104,115,0,0,,11000000,10250000.0,6006769.5,0.5860262926829268
117,117,120,Patrik Laine,0,55,22,30,52,5.2,14,8,0,1,22,8,0,184,12.0,1052,19:07,27,27,28,52,35.0,8700000,7950000.0,6043199.5,0.7601508805031446
118,118,121,Charlie McAvoy,1,67,7,45,52,8.8,5,2,0,2,28,17,0,105,6.7,1494,22:18,131,84,0,0,,9500000,8750000.0,3966925.5,0.4533629142857143
119,119,122,Mathew Barzal,0,58,14,37,51,4.9,10,4,0,5,22,15,0,139,10.1,1086,18:43,34,25,104,188,35.6,7000000,6250000.0,5024714.0,0.80395424
120,120,123,Artturi Lehkonen,0,64,21,30,51,5.0,12,8,1,3,18,12,0,150,14.0,1309,20:27,43,93,4,19,17.4,4500000,3750000.0,4945844.0,1.3188917333333334
121,121,124,Jake DeBrusk,0,64,27,23,50,6.4,21,6,0,6,14,8,1,191,14.1,1074,16:47,22,85,4,11,26.7,4000000,3250000.0,3799498.8,1.1690765384615385
122,122,125,Justin Faulk,1,82,11,39,50,6.6,9,2,0,3,31,8,0,196,5.6,1917,23:23,140,112,0,0,,6500000,5750000.0,5478525.0,0.9527869565217392
123,123,126,Anders Lee,0,82,28,22,50,5.4,22,6,0,4,14,8,0,214,13.1,1412,17:13,57,125,27,23,54.0,7000000,6250000.0,3447710.5,0.55163368
124,124,127,Tyler Seguin,0,76,21,29,50,4.9,13,7,1,3,24,4,1,189,11.1,1263,16:37,23,84,476,394,54.7,9850000,9100000.0,3135042.8,0.3445101923076923
125,125,128,Vladimir Tarasenko,0,69,18,32,50,4.1,14,3,1,1,21,11,0,169,10.7,1159,16:48,36,75,0,2,0.0,7500000,6750000.0,3425644.8,0.5075029259259259
126,126,129,Devon Toews,1,80,7,43,50,10.0,6,1,0,0,37,6,0,165,4.2,2009,25:06,138,93,0,0,,4100000,3350000.0,5084464.5,1.5177505970149254
127,127,130,Rasmus Andersson,1,79,11,38,49,8.0,9,1,1,4,17,20,1,159,6.9,1903,24:05,136,50,0,0,,4550000,3800000.0,4852279.5,1.276915657894737
128,128,131,Michael Bunting,0,82,23,26,49,5.5,16,7,0,4,23,3,0,174,13.2,1295,15:48,18,85,1,1,50.0,950000,200000.0,2369308.0,11.84654
129,129,132,Noah Dobson,1,78,13,36,49,8.0,8,5,0,2,22,14,0,206,6.3,1590,20:23,104,60,0,0,,4000000,3250000.0,3719781.5,1.144548153846154
130,130,133,Victor Hedman,1,76,9,40,49,7.6,7,1,1,1,25,13,2,185,4.9,1803,23:43,136,95,0,0,,7875000,7125000.0,4876748.0,0.6844558596491228
131,131,134,Matias Maccelli,0,64,11,38,49,4.0,10,1,0,1,26,12,0,61,18.0,1004,15:41,20,24,0,7,0.0,853333,103333.0,2278082.8,22.046033213010364
132,132,135,Owen Tippett,0,77,27,22,49,4.7,19,8,0,4,18,4,0,231,11.7,1342,17:26,69,125,19,11,63.3,1500000,750000.0,4408065.5,5.877420666666667
133,133,136,Cam Fowler,1,82,10,38,48,5.9,6,4,0,1,28,10,0,130,7.7,1982,24:10,104,18,0,0,,6500000,5750000.0,5361006.0,0.9323488695652173
134,134,137,Yanni Gourde,0,81,14,34,48,4.2,10,3,1,2,33,1,0,141,9.9,1388,17:08,54,118,483,489,49.7,5166666,4416666.0,2887547.0,0.6537843250995208
135,135,138,Jason Zucker,0,78,27,21,48,5.0,25,2,0,5,14,7,0,197,13.7,1221,15:39,29,197,4,11,26.7,5500000,4750000.0,2671299.0,0.5623787368421053
136,136,139,Alexander Barabanov,1,68,15,32,47,3.0,12,3,0,2,22,10,0,120,12.5,1228,18:03,37,40,1,2,33.3,2500000,1750000.0,3428482.2,1.9591327142857142
137,137,140,Valeri Nichushkin,0,53,17,30,47,4.9,6,10,1,2,22,6,2,158,10.8,1074,20:16,37,54,0,4,0.0,6125000,5375000.0,5488198.5,1.0210601860465116
138,138,141,Morgan Frost,0,81,19,27,46,3.8,18,1,0,3,23,4,0,155,12.3,1324,16:21,53,85,436,515,45.8,800000,50000.0,2568525.0,51.3705
139,139,142,Conor Garland,0,81,17,29,46,3.6,15,2,0,2,19,10,0,167,10.2,1224,15:07,20,47,3,11,21.4,4950000,4200000.0,2292879.0,0.5459235714285714
140,140,143,Marcus Johansson,0,80,19,27,46,4.4,12,5,2,7,14,13,0,137,13.9,1319,16:29,23,26,23,29,44.2,1100000,350000.0,2368493.8,6.767125
141,141,144,Bryan Rust,0,81,20,26,46,3.8,18,2,0,2,16,9,1,211,9.5,1450,17:54,50,98,5,5,50.0,5125000,4375000.0,4033546.2,0.9219534285714286
142,143,146,Ivan Barbashev,0,82,16,29,45,3.5,14,2,0,2,25,3,1,126,12.7,1374,16:45,46,182,55,89,38.2,2250000,1500000.0,2646812.0,1.7645413333333333
143,144,147,Oliver Bjorkstrand,0,81,20,25,45,3.9,15,5,0,1,20,5,0,198,10.1,1266,15:37,38,63,18,41,30.5,5400000,4650000.0,2617770.2,0.5629613440860215
144,145,148,Filip Chytil,0,74,22,23,45,5.2,19,3,0,4,21,2,0,177,12.4,1087,14:41,38,36,251,380,39.8,2300000,1550000.0,1623076.9,1.047146370967742
145,146,149,Charlie Coyle,0,82,16,29,45,4.5,15,0,1,0,25,0,4,139,11.5,1393,16:59,63,68,536,483,52.6,5250000,4500000.0,2275108.2,0.5055796111111112
146,147,150,Lawson Crouse,0,77,24,21,45,4.1,18,6,0,3,19,2,0,151,15.9,1367,17:45,58,194,33,49,40.2,4300000,3550000.0,3292496.2,0.9274637323943662
147,148,151,Dillon Dubé,0,82,18,27,45,3.8,15,1,2,3,24,3,0,151,11.9,1243,15:10,21,136,45,55,45.0,2300000,1550000.0,1609419.9,1.0383354032258065
148,149,152,Boone Jenner,0,68,26,19,45,3.7,19,7,0,3,15,4,0,214,12.1,1374,20:12,70,129,758,628,54.7,3750000,3000000.0,6224053.5,2.0746845
149,150,153,Lucas Raymond,0,74,17,28,45,3.4,12,5,0,4,14,14,0,134,12.7,1286,17:23,20,43,5,12,29.4,925000,175000.0,3389749.2,19.369995714285714
150,151,154,Jack Roslovic,0,77,11,33,44,3.0,7,2,2,2,25,7,1,123,8.9,1266,16:27,53,42,400,489,45.0,4000000,3250000.0,2488890.5,0.7658124615384615
151,152,155,Barrett Hayton,0,82,19,24,43,3.2,15,4,0,4,17,6,1,178,10.7,1435,17:30,33,83,628,602,51.1,1775000,1025000.0,3452984.8,3.3687656097560974
152,153,156,Jesperi Kotkaniemi,0,82,18,25,43,4.5,14,3,1,2,17,8,0,129,14.0,1208,14:44,21,105,360,340,51.4,4820000,4070000.0,1511912.9,0.3714773648648649
153,154,157,Scott Laughton,0,78,18,25,43,3.4,10,5,3,0,17,4,4,170,10.6,1426,18:17,57,156,509,568,47.3,3000000,2250000.0,3044041.2,1.3529072222222223
154,155,158,Eetu Luostarinen,0,82,17,26,43,4.0,15,2,0,1,22,3,1,132,12.9,1311,15:59,51,64,175,243,41.9,1500000,750000.0,2037528.6,2.7167048333333335
155,156,159,Andrew Mangiapane,0,82,17,26,43,3.9,15,2,0,1,22,2,2,182,9.3,1379,16:49,26,86,5,9,35.7,5800000,5050000.0,2838923.2,0.5621630198019802
156,157,160,Mason McTavish,0,80,17,26,43,3.0,10,7,0,1,19,7,0,161,10.6,1230,15:22,37,55,307,418,42.3,894167,144167.0,2402689.8,16.66601753521957
157,158,161,K'Andre Miller,1,79,9,34,43,7.5,9,0,0,2,29,3,2,113,8.0,1734,21:57,105,162,0,0,,925000,175000.0,3476835.2,19.86763
158,160,163,Darnell Nurse,1,82,12,31,43,7.6,10,0,2,4,29,1,1,203,5.9,1927,23:30,164,146,0,0,,9250000,8500000.0,4508714.5,0.530437
159,161,164,Andrew Copp,0,82,9,33,42,2.7,7,1,1,2,29,4,0,120,7.5,1489,18:09,45,32,647,652,49.8,5625000,4875000.0,3262103.8,0.6691494871794872
160,162,165,Filip Forsberg,0,50,19,23,42,4.4,15,4,0,2,14,9,0,157,12.1,874,17:28,20,86,0,1,0.0,8500000,7750000.0,4824791.0,0.6225536774193549
161,163,166,Erik Gustafsson,1,70,7,35,42,6.8,7,0,0,2,21,14,0,122,5.7,1384,19:46,63,52,0,0,,800000,50000.0,2880583.8,57.611675
162,164,167,Moritz Seider,1,82,5,37,42,6.1,3,1,1,1,22,14,1,140,3.6,1898,23:09,190,207,0,0,,863333,113333.0,4368913.5,38.549350145147486
163,165,168,Thomas Chabot,1,68,11,30,41,6.1,6,5,0,0,15,15,0,165,6.7,1698,24:58,123,79,0,0,,8000000,7250000.0,5382764.5,0.742450275862069
164,166,169,Gustav Forsling,1,82,13,28,41,7.2,12,1,0,3,22,4,2,209,6.2,1922,23:26,106,69,0,0,,2666667,1916667.0,4794343.5,2.501396173670231
165,167,170,Shayne Gostisbehere,1,75,13,28,41,6.2,6,5,2,2,18,10,0,155,8.4,1561,20:49,89,46,0,0,,4500000,3750000.0,3161163.2,0.8429768666666667
166,168,171,Mikael Granlund,0,79,10,31,41,2.2,9,1,0,1,20,11,0,121,8.3,1408,17:50,60,78,171,213,44.5,5000000,4250000.0,3330674.0,0.783688
167,169,172,Erik Haula,0,80,14,27,41,3.4,10,2,2,0,21,5,1,164,8.5,1330,16:38,54,92,573,484,54.2,2375000,1625000.0,2326182.2,1.4314967692307692
168,170,173,Wyatt Johnston,0,82,24,17,41,4.4,21,3,0,3,13,4,0,160,15.0,1270,15:29,31,22,145,190,43.3,894167,144167.0,2049145.0,14.213689679330221
169,171,174,Kris Letang,1,64,12,29,41,5.5,5,6,1,3,14,15,0,161,7.5,1591,24:51,108,162,0,0,,6100000,5350000.0,5502480.5,1.0285010280373832
170,172,175,Nino Niederreiter,0,78,24,17,41,3.9,20,4,0,2,14,3,0,181,13.3,1270,16:17,33,165,8,5,61.5,4000000,3250000.0,2610169.8,0.8031291538461538
171,173,176,Morgan Rielly,1,65,4,37,41,4.9,3,1,0,1,21,16,0,126,3.2,1411,21:42,85,70,0,0,,7500000,6750000.0,4118998.5,0.610222
172,174,177,Ryan Strome,0,82,15,26,41,1.9,14,1,0,2,23,3,0,130,11.5,1397,17:02,24,29,402,516,43.8,5000000,4250000.0,2998111.2,0.7054379411764706
173,175,178,Shea Theodore,1,55,8,33,41,6.8,6,2,0,2,26,7,0,136,5.9,1179,21:26,86,16,0,0,,5200000,4450000.0,3695065.2,0.8303517415730337
174,176,179,Frank Vatrano,0,81,22,19,41,2.7,17,5,0,1,15,4,0,231,9.5,1351,16:41,75,86,7,10,41.2,3650000,2900000.0,4023523.2,1.3874218103448275
175,177,180,Gabriel Vilardi,0,63,23,18,41,4.8,18,5,0,6,14,4,0,122,18.9,983,15:36,33,41,52,61,46.0,825000,75000.0,2139373.5,28.52498
176,178,181,Andreas Athanasiou,0,81,20,20,40,3.1,17,3,0,4,16,4,0,175,11.4,1296,16:00,44,43,81,93,46.6,3000000,2250000.0,2594037.0,1.1529053333333332
177,179,182,Anthony Beauvillier,0,82,18,22,40,3.0,15,3,0,5,21,1,0,176,10.2,1334,16:16,30,78,3,10,23.1,4150000,3400000.0,2803246.0,0.8244841176470589
178,180,183,Sam Bennett,0,63,16,24,40,3.5,12,4,0,3,19,5,0,193,8.3,1097,17:24,35,150,425,479,47.0,4425000,3675000.0,4562232.5,1.2414238095238095
179,181,184,Evan Bouchard,1,82,8,32,40,5.4,6,2,0,2,20,11,1,156,5.1,1518,18:31,77,95,0,0,,863333,113333.0,2570073.5,22.677185815252397
180,182,185,Kent Johnson,0,79,16,24,40,3.1,11,5,0,3,17,7,0,126,12.7,1147,14:31,30,15,41,98,29.5,925000,175000.0,1732936.2,9.902492857142857
181,183,186,Kaapo Kakko,0,82,18,22,40,3.9,18,0,0,2,19,3,0,125,14.4,1255,15:18,27,26,1,3,25.0,2100000,1350000.0,1516417.4,1.1232721296296295
182,184,187,Victor Olofsson,0,75,28,12,40,3.7,21,7,0,5,7,5,0,161,17.4,1077,14:21,15,16,1,5,16.7,4750000,4000000.0,1842492.9,0.46062321875
183,185,188,Jean-Gabriel Pageau,0,70,13,27,40,3.2,5,5,3,2,23,3,1,123,10.6,1233,17:37,61,175,719,537,57.2,5000000,4250000.0,2714984.8,0.6388199411764706
184,186,189,Jaden Schwartz,0,71,21,19,40,3.0,15,6,0,2,17,2,0,167,12.6,1237,17:25,25,55,73,84,46.5,5500000,4750000.0,3763333.0,0.7922806315789473
185,187,190,André Burakovsky,0,49,13,26,39,3.2,9,4,0,3,16,10,0,105,12.4,811,16:33,15,17,0,6,0.0,5500000,4750000.0,3909429.8,0.8230378421052632
186,188,191,Joel Farabee,0,82,15,24,39,3.0,15,0,0,1,22,2,0,145,10.3,1395,17:01,45,71,16,29,35.6,5000000,4250000.0,2627824.5,0.6183116470588236
187,189,192,Filip Hronek,1,64,9,30,39,6.8,5,4,0,1,18,12,0,124,7.3,1389,21:42,58,102,0,0,,4400000,3650000.0,3445837.0,0.9440649315068493
188,190,193,Calle Järnkrok,0,73,20,19,39,4.2,16,3,1,2,15,2,2,106,18.9,1050,14:23,19,50,42,52,44.7,2100000,1350000.0,1115950.8,0.8266301851851852
189,191,194,Seth Jarvis,0,82,14,25,39,3.6,13,0,1,0,20,5,0,187,7.5,1329,16:12,48,73,9,17,34.6,894167,144167.0,2299431.8,15.949778728835309
190,192,195,Alexis Lafrenière,0,81,16,23,39,3.6,13,3,0,2,22,1,0,135,11.9,1233,15:13,28,141,28,48,36.8,925000,175000.0,1683512.0,9.620068571428572
191,193,196,Evan Rodrigues,0,69,16,23,39,3.5,10,6,0,2,18,5,0,184,8.7,1232,17:51,27,34,119,122,49.4,2000000,1250000.0,4068672.2,3.2549378
192,194,197,Noah Cates,0,82,13,25,38,2.8,9,3,1,5,19,5,1,107,12.1,1457,17:46,65,86,416,638,39.5,925000,175000.0,2739448.8,15.653992857142857
193,195,198,Blake Coleman,0,82,18,20,38,3.7,16,0,2,2,20,0,0,188,9.6,1247,15:12,39,107,20,22,47.6,4900000,4150000.0,1778033.4,0.42844177710843373
194,196,199,Kirby Dach,0,58,14,24,38,3.1,8,6,0,2,12,10,2,107,13.1,1073,18:30,38,53,87,140,38.3,3362500,2612500.0,3802673.8,1.455568899521531
195,197,200,Sean Durzi,1,72,9,29,38,4.8,8,1,0,1,14,15,0,110,8.2,1425,19:47,142,68,0,0,,1700000,950000.0,2928434.2,3.0825623684210526
196,198,201,Nikolaj Ehlers,0,45,12,26,38,3.6,9,3,0,0,17,9,0,132,9.1,704,15:39,10,36,1,1,50.0,6000000,5250000.0,4176411.5,0.7955069523809524
197,199,202,Aaron Ekblad,1,71,14,24,38,4.6,5,8,1,2,13,11,0,216,6.5,1661,23:24,80,77,0,0,,7500000,6750000.0,5782818.0,0.8567137777777778
198,200,203,Frédérick Gaudreau,0,82,19,19,38,3.9,12,3,4,3,17,1,1,138,13.8,1316,16:03,52,42,500,515,49.3,1200000,450000.0,1663005.4,3.6955675
199,201,204,Noah Hanifin,1,81,7,31,38,6.3,6,1,0,0,23,7,1,176,4.0,1834,22:39,129,76,0,0,,4950000,4200000.0,4173960.0,0.9938
200,202,205,Adam Henrique,0,62,22,16,38,3.6,18,4,0,1,10,6,0,132,16.7,1127,18:11,46,28,342,327,51.1,5825000,5075000.0,3688789.2,0.7268550246305419
201,203,206,Brady Skjei,1,81,18,20,38,8.2,13,4,1,3,17,3,0,188,9.6,1766,21:49,62,71,0,0,,5250000,4500000.0,3194379.8,0.7098621666666667
202,204,207,Mark Stone,0,43,17,21,38,4.3,12,3,2,1,15,6,0,113,15.0,833,19:23,23,31,0,3,0.0,9500000,8750000.0,4170671.2,0.47664814285714285
203,205,208,Alexander Wennberg,0,82,13,25,38,1.8,9,4,0,3,20,5,0,101,12.9,1533,18:42,63,43,627,748,45.6,4500000,3750000.0,3493551.2,0.9316136666666667
204,206,209,Samuel Girard,1,76,6,31,37,4.8,5,1,0,1,23,7,1,119,5.0,1634,21:30,116,67,0,0,,5000000,4250000.0,3667920.5,0.8630401176470588
205,207,210,Ryan Hartman,0,59,15,22,37,3.9,12,1,2,6,17,3,2,149,10.1,962,16:18,48,62,242,322,42.9,1700000,950000.0,2554168.5,2.6885984210526317
206,208,211,Seth Jones,1,72,12,25,37,4.4,10,2,0,1,14,10,1,178,6.7,1760,24:27,125,106,0,0,,9500000,8750000.0,5777824.0,0.6603227428571429
207,209,212,Jack Quinn,0,75,14,23,37,2.7,13,1,0,2,17,5,1,126,11.1,1039,13:51,19,43,11,22,33.3,863333,113333.0,1256578.0,11.087485551428092
208,210,213,Taylor Raddysh,0,78,20,17,37,2.8,13,7,0,1,9,8,0,129,15.5,1292,16:34,38,82,10,9,52.6,758333,8333.0,2336586.0,280.40153606144247
209,211,214,Brandon Saad,0,71,19,18,37,3.1,15,2,2,1,15,2,1,127,15.0,1183,16:39,31,24,4,4,50.0,4500000,3750000.0,2158940.0,0.5757173333333333
210,212,215,Conor Sheary,0,82,15,22,37,3.4,11,2,2,1,17,5,0,154,9.7,1293,15:46,39,57,20,19,51.3,1500000,750000.0,1884198.6,2.5122648333333335
211,213,216,Teuvo Teräväinen,1,68,12,25,37,3.5,5,5,2,2,18,6,1,144,8.3,1150,16:55,18,15,33,20,62.3,5400000,4650000.0,2124968.2,0.4569824193548387
212,214,217,Cole Caufield,0,46,26,10,36,4.2,19,7,0,3,7,3,0,158,16.5,830,18:03,12,18,0,0,,880833,130833.0,4946939.5,37.81109888178059
213,215,218,Taylor Hall,0,61,16,20,36,3.7,12,4,0,5,16,4,0,150,10.7,972,15:56,33,35,4,5,44.4,6000000,5250000.0,3042891.8,0.5795984285714286
214,216,219,Alex Iafallo,0,59,14,22,36,3.6,7,7,0,5,21,1,0,133,10.5,962,16:18,33,27,7,6,53.8,4000000,3250000.0,3113519.2,0.9580059230769231
215,217,220,Phil Kessel,0,82,14,22,36,2.8,12,2,0,0,15,7,0,149,9.4,1050,12:49,28,10,5,7,41.7,1500000,750000.0,1038073.94,1.3840985833333332
216,218,221,Adam Lowry,0,82,13,23,36,2.9,10,0,3,2,19,2,2,126,10.3,1283,15:39,46,161,595,585,50.4,3250000,2500000.0,1540732.4,0.61629295
217,219,222,Stefan Noesen,0,78,13,23,36,3.8,6,7,0,4,15,8,0,134,9.7,962,12:20,18,99,53,55,49.1,762500,12500.0,970369.56,77.629565
218,220,223,Dmitry Orlov,1,66,7,29,36,6.4,6,1,0,2,21,7,1,124,5.6,1488,22:33,85,137,0,0,,5100000,4350000.0,3693081.5,0.8489842528735633
219,221,224,Cody Glass,0,72,14,21,35,3.5,8,6,0,2,18,3,0,131,10.7,1063,14:46,31,62,362,365,49.8,874125,124125.0,1765734.6,14.22545518630413
220,222,225,T.J. Oshie,0,58,19,16,35,3.1,10,9,0,2,14,2,0,126,15.1,970,16:43,34,125,83,97,46.1,5750000,5000000.0,3345485.2,0.66909705
221,223,226,Shane Pinto,0,82,20,15,35,2.6,15,5,0,2,11,4,0,158,12.7,1310,15:59,49,71,449,413,52.1,925000,175000.0,2280423.2,13.03099
222,224,227,Owen Power,1,79,4,31,35,5.3,4,0,0,1,22,8,1,130,3.1,1880,23:48,86,27,0,0,,916667,166667.0,4507624.5,27.045692908614182
223,225,228,Rasmus Sandin,1,71,7,28,35,5.5,7,0,0,0,17,11,0,81,8.6,1372,19:20,87,136,0,0,,1400000,650000.0,2213843.8,3.4059134615384616
224,226,229,Brandon Tanev,0,82,16,19,35,3.5,15,0,1,3,19,0,0,115,13.9,1166,14:13,68,190,3,22,12.0,3500000,2750000.0,1015643.4,0.36932486363636363
225,227,230,Travis Boyd,0,82,15,19,34,1.1,13,2,0,3,11,8,0,94,16.0,1355,16:32,59,39,502,654,43.4,1750000,1000000.0,2378650.2,2.37865025
226,228,231,Mike Hoffman,0,67,14,20,34,2.5,13,1,0,3,11,9,0,148,9.5,1050,15:40,24,24,16,12,57.1,4500000,3750000.0,2660360.2,0.7094294
227,229,232,Kasperi Kapanen,0,66,15,19,34,2.9,11,3,1,5,16,3,0,116,12.9,903,13:41,20,99,30,49,38.0,3200000,2450000.0,1130503.9,0.4614301530612245
228,230,233,Blake Lizotte,0,81,11,23,34,2.9,11,0,0,1,21,0,2,108,10.2,1048,12:57,39,96,413,394,51.2,1675000,925000.0,876474.9,0.9475404054054054
229,231,234,Jordan Martinook,0,82,13,21,34,2.9,12,0,1,3,20,0,1,162,8.0,1282,15:38,31,81,32,39,45.1,1800000,1050000.0,1916805.6,1.8255291666666666
230,233,236,Justin Schultz,1,73,7,27,34,4.8,6,1,0,4,15,12,0,98,7.1,1299,17:47,72,30,0,0,,3000000,2250000.0,1954831.8,0.8688141111111111
231,234,237,Jared Spurgeon,1,79,11,23,34,8.9,10,1,0,3,19,3,1,149,7.4,1723,21:49,179,66,0,0,,7575000,6825000.0,2729263.2,0.3998920512820513
232,235,238,Jordan Staal,0,81,17,17,34,3.3,16,0,1,3,16,0,1,124,13.7,1318,16:16,39,155,821,653,55.7,6000000,5250000.0,1803116.9,0.3434508333333333
233,236,239,Juuso Välimäki,1,78,4,30,34,4.0,3,1,0,1,19,11,0,93,4.3,1418,18:11,98,53,0,0,,1550000,800000.0,2136828.5,2.671035625
234,237,240,Jakob Chychrun,1,48,9,24,33,5.4,5,4,0,0,20,4,0,144,6.3,1090,22:42,83,55,0,0,,4600000,3850000.0,4304338.5,1.11801
235,238,241,John Klingberg,1,67,10,23,33,3.8,8,2,0,3,15,8,0,112,8.9,1382,20:37,84,55,0,0,,7000000,6250000.0,3360505.0,0.5376808
236,239,242,Kevin Labanc,0,72,15,18,33,2.4,13,2,0,0,17,1,0,129,11.6,1031,14:20,28,70,5,3,62.5,4725000,3975000.0,1374617.6,0.3458157547169811
237,240,243,Adam Larsson,1,82,8,25,33,6.7,7,0,1,2,25,0,0,143,5.6,1938,23:38,173,222,0,0,,4000000,3250000.0,3875377.8,1.1924239230769231
238,241,244,Anton Lundell,0,73,12,21,33,2.1,10,0,2,1,16,5,0,152,7.9,1195,16:22,32,29,269,310,46.5,925000,175000.0,2288377.2,13.076441428571428
239,243,246,Kyle Palmieri,0,55,16,17,33,3.8,13,3,0,3,15,2,0,122,13.1,940,17:06,17,76,9,15,37.5,5000000,4250000.0,3066664.2,0.7215680588235294
240,244,247,Neal Pionk,1,82,10,23,33,5.6,9,1,0,2,20,2,1,142,7.0,1799,21:56,129,169,0,0,,5875000,5125000.0,3480233.2,0.6790699024390244
241,245,248,Damon Severson,1,81,7,26,33,5.6,5,1,1,2,23,3,0,102,6.9,1616,19:57,115,44,0,0,,4166666,3416666.0,2388365.5,0.6990339412749154
242,246,249,Josh Anderson,0,69,21,11,32,2.8,16,4,1,5,11,0,0,164,12.8,1170,16:58,49,139,19,25,43.2,5500000,4750000.0,3146878.2,0.6625006842105263
243,247,250,Ross Colton,0,81,16,16,32,2.6,12,4,0,3,11,5,0,153,10.5,1000,12:21,28,188,106,83,56.1,1125000,375000.0,943869.9,2.5169863333333335
244,248,251,Mattias Ekholm,1,78,9,23,32,7.7,9,0,0,0,18,4,1,135,6.7,1675,21:28,104,91,0,0,,6250000,5500000.0,2575396.8,0.46825395454545454
245,249,252,Tyler Johnson,0,56,12,20,32,2.3,8,4,0,0,15,5,0,125,9.6,928,16:34,25,49,58,55,51.3,5000000,4250000.0,3321022.2,0.781417
246,250,253,Alexander Kerfoot,0,82,10,22,32,2.3,7,2,1,1,20,1,1,133,7.5,1199,14:37,46,54,65,80,44.8,3500000,2750000.0,1370228.1,0.4982647727272727
247,251,254,Torey Krug,1,63,7,25,32,2.5,3,4,0,1,15,10,0,126,5.6,1171,18:35,87,40,0,0,,6500000,5750000.0,3085634.2,0.5366320434782609
248,252,255,John-Jason Peterka,0,77,12,20,32,1.7,10,2,0,1,17,3,0,125,9.6,1051,13:39,10,18,5,4,55.6,855833,105833.0,1167342.8,11.03004497651961
249,253,256,Jake Sanderson,1,77,4,28,32,4.9,2,2,0,0,13,15,0,132,3.0,1688,21:55,147,43,0,0,,925000,175000.0,3579844.0,20.456251428571427
250,254,257,Trent Frederic,0,79,17,14,31,4.0,17,0,0,6,13,0,1,120,14.2,942,11:55,36,105,24,48,33.3,1050000,300000.0,661228.4,2.204094583333333
251,255,258,Barclay Goodrow,0,82,11,20,31,2.2,10,1,0,2,18,1,1,89,12.4,1162,14:10,64,122,272,321,45.9,3641667,2891667.0,1315977.1,0.4550929014302131
252,256,259,Mason Marchment,1,68,12,19,31,2.2,10,2,0,2,16,3,0,148,8.1,1068,15:42,39,88,10,15,40.0,4500000,3750000.0,1816503.5,0.48440093333333334
253,257,260,J.J. Moser,1,82,7,24,31,4.1,4,3,0,1,16,8,0,93,7.5,1726,21:03,137,80,0,0,,886667,136667.0,3123929.8,22.85796680983705
254,258,261,Jeff Petry,1,61,5,26,31,4.8,3,2,0,0,19,7,0,113,4.4,1363,22:21,111,190,0,0,,6250000,5500000.0,3611583.0,0.6566514545454546
255,259,262,Jonathan Toews,0,53,15,16,31,2.1,6,9,0,1,13,3,0,87,17.2,939,17:43,23,9,594,347,63.1,10500000,9750000.0,3527172.2,0.3617612564102564
256,260,263,Eeli Tolvanen,0,61,18,13,31,3.4,14,4,0,4,10,3,0,116,15.5,886,14:31,51,91,3,9,25.0,1450000,700000.0,1529059.2,2.184370357142857
257,261,264,MacKenzie Weegar,1,81,4,27,31,6.1,4,0,0,1,23,3,1,160,2.5,1709,21:06,117,186,0,0,,3250000,2500000.0,3054835.8,1.2219343
258,262,265,Tyler Bertuzzi,0,50,8,22,30,2.0,4,4,0,0,16,6,0,107,7.5,824,16:29,22,54,4,13,23.5,4750000,4000000.0,3427188.0,0.856797
259,263,266,Jason Dickinson,0,78,9,21,30,1.1,8,1,0,1,17,0,4,114,7.9,1243,15:56,80,112,368,403,47.7,2650000,1900000.0,2045946.6,1.0768140131578947
260,264,267,Pierre Engvall,0,76,17,13,30,3.1,16,1,0,4,11,2,0,131,13.0,1036,13:38,6,47,33,31,51.6,2250000,1500000.0,1053623.5,0.7024156666666667
261,265,268,Alex Newhook,0,82,14,16,30,2.3,13,1,0,3,15,1,0,116,12.1,1144,13:57,26,60,208,295,41.4,908333,158333.0,1073206.2,6.77815900665054
262,266,269,Ryan O'Reilly,0,53,16,14,30,2.0,14,1,1,4,10,4,0,102,15.7,951,17:56,23,18,499,396,55.8,7500000,6750000.0,3609156.0,0.5346897777777778
263,267,270,Cole Perfetti,0,51,8,22,30,2.8,7,1,0,0,18,4,0,90,8.9,763,14:58,22,35,3,8,27.3,894167,144167.0,1762517.8,12.225528380281201
264,268,271,Brett Pesce,1,82,5,25,30,6.4,4,1,0,2,20,3,2,144,3.5,1805,22:01,110,37,0,0,,4025000,3275000.0,3217942.2,0.982577786259542
265,269,272,Nicolas Roy,0,65,14,16,30,2.8,11,3,0,5,12,3,1,101,13.9,1059,16:18,41,83,369,399,48.0,3000000,2250000.0,2265342.8,1.006819
266,270,273,Yegor Sharangovich,0,75,13,17,30,2.1,11,0,2,2,15,0,2,131,9.9,1081,14:25,41,22,26,53,32.9,2000000,1250000.0,1196327.5,0.957062
267,271,274,Colton Sissons,0,82,12,18,30,2.0,11,0,1,1,16,2,0,87,13.8,1298,15:50,72,164,593,515,53.5,2857143,2107143.0,1815807.0,0.8617388568312639
268,272,275,Jacob Trouba,1,82,8,22,30,5.8,5,2,1,2,18,3,1,199,4.0,1738,21:12,196,218,0,1,0.0,8000000,7250000.0,3219173.8,0.4440239655172414
269,273,276,Calen Addison,1,62,3,26,29,3.2,3,0,0,1,8,18,0,77,3.9,999,16:07,38,19,0,0,,795000,45000.0,1506971.4,33.48825277777778
270,274,277,Nick Bjugstad,0,78,17,12,29,2.6,15,1,1,1,12,0,0,145,11.7,1264,16:12,44,168,530,578,47.8,900000,150000.0,1971607.6,13.144050833333333
271,275,278,John Carlson,1,40,9,20,29,4.2,5,3,1,0,11,9,0,124,7.3,936,23:23,87,42,0,0,,8000000,7250000.0,4578000.5,0.6314483448275862
272,276,279,Jeff Carter,0,79,13,16,29,1.7,9,4,0,2,10,5,1,139,9.4,1083,13:42,54,80,557,381,59.4,3125000,2375000.0,1493997.6,0.6290516315789474
273,277,280,Anthony Cirelli,0,58,11,18,29,2.7,8,1,2,1,17,1,0,111,9.9,961,16:34,46,34,427,404,51.4,4800000,4050000.0,2040105.8,0.5037298148148148
274,278,281,Jonathan Drouin,0,58,2,27,29,0.9,2,0,0,0,18,9,0,69,2.9,865,14:54,23,29,169,211,44.5,5500000,4750000.0,1978761.9,0.41658144736842107
275,279,282,Jesper Fast,0,80,10,19,29,2.4,10,0,0,1,16,0,3,76,13.2,1179,14:44,40,104,10,15,40.0,2000000,1250000.0,1475778.2,1.1806226
276,280,283,Nick Jensen,1,77,5,24,29,4.9,5,0,0,0,23,0,1,109,4.6,1587,20:37,128,107,0,0,,2500000,1750000.0,2675472.8,1.5288415714285715
277,281,284,Trevor Moore,0,59,10,19,29,1.9,7,2,1,1,13,5,1,163,6.1,1002,16:59,23,60,14,25,35.9,1875000,1125000.0,3627575.2,3.2245113333333335
278,282,285,Michael Rasmussen,0,56,10,19,29,2.5,10,0,0,0,18,1,0,88,11.4,845,15:05,48,119,203,195,51.0,1460000,710000.0,1393225.4,1.9622892605633804
279,284,287,Jonatan Berggren,0,67,15,13,28,2.2,10,5,0,0,9,4,0,98,15.3,902,13:28,28,20,3,3,50.0,925000,175000.0,1107715.0,6.3298
280,285,288,Ty Dellandrea,0,82,9,19,28,2.0,9,0,0,2,16,0,3,92,9.8,1164,14:12,39,125,102,99,50.7,863333,113333.0,1173729.0,10.35646281312592
281,286,289,Christian Dvorak,0,64,10,18,28,1.4,9,0,1,1,15,3,0,88,11.4,1079,16:52,66,13,477,440,52.0,4450000,3700000.0,2258616.8,0.6104369594594594
282,287,290,Warren Foegele,0,67,13,15,28,2.6,12,0,1,4,15,0,0,126,10.3,851,12:42,22,96,7,6,53.8,2750000,2000000.0,789903.1,0.3949515625
283,288,291,Morgan Geekie,0,69,9,19,28,2.7,8,1,0,3,19,0,0,81,11.1,721,10:27,33,53,297,307,49.2,1400000,650000.0,824826.75,1.2689642307692308
284,289,292,Ryan Johansen,0,55,12,16,28,2.1,7,5,0,1,11,5,0,86,14.0,867,15:46,19,49,502,346,59.2,8000000,7250000.0,2378137.2,0.32801893103448276
285,290,293,Arthur Kaliyev,0,56,13,15,28,2.6,5,8,0,1,11,4,0,122,10.7,654,11:41,10,40,0,0,,894167,144167.0,969532.75,6.725067109671422
286,291,294,Evander Kane,0,41,16,12,28,2.6,15,0,1,3,9,2,1,146,11.0,767,18:42,15,124,12,22,35.3,5125000,4375000.0,4974201.0,1.1369602285714286
287,292,295,Ilya Mikheyev,1,46,13,15,28,2.6,12,1,0,2,13,2,0,91,14.3,778,16:55,14,13,2,8,20.0,4750000,4000000.0,1870360.4,0.46759009375
288,293,296,Kyle Okposo,0,75,11,17,28,1.5,9,1,1,3,14,3,0,150,7.3,1100,14:40,25,78,164,186,46.9,6000000,5250000.0,1713115.8,0.3263077619047619
289,294,297,Sam Steel,0,65,10,18,28,2.6,9,0,1,2,15,3,0,85,11.8,972,14:58,15,46,308,325,48.7,825000,75000.0,1220366.5,16.271553333333333
290,295,298,Oskar Sundqvist,0,67,10,18,28,2.1,7,3,0,0,13,5,0,69,14.5,929,13:52,28,63,27,36,42.9,2750000,2000000.0,1214046.5,0.60702325
291,296,299,Michael Amadio,0,67,16,11,27,2.8,15,1,0,2,10,1,0,99,16.2,818,12:13,27,56,31,32,49.2,762500,12500.0,755636.0,60.45088
292,297,300,Nick Cousins,0,79,9,18,27,1.8,9,0,0,2,18,0,0,102,8.8,871,11:02,36,87,71,73,49.3,1100000,350000.0,844691.9,2.413405357142857
293,298,301,Dylan DeMelo,1,75,6,21,27,5.8,5,0,1,1,19,0,2,93,6.5,1467,19:34,102,120,0,0,,3000000,2250000.0,1872935.2,0.8324156666666667
294,299,302,Ryan Donato,0,71,14,13,27,3.0,14,0,0,0,11,2,0,122,11.5,799,11:15,12,69,62,85,42.2,1200000,450000.0,465671.8,1.03482625
295,300,303,Christian Fischer,0,80,13,14,27,1.5,12,0,1,0,13,1,0,122,10.7,1188,14:51,37,126,9,40,18.4,1125875,375875.0,1363007.4,3.6262251413368807
296,301,304,David Kämpf,0,82,7,20,27,1.4,7,0,0,1,17,0,3,107,6.5,1255,15:18,29,74,591,556,51.5,1500000,750000.0,1565853.6,2.087804833333333
297,302,305,Sam Lafferty,0,70,12,15,27,2.0,8,0,4,1,14,0,1,102,11.8,1023,14:37,33,125,248,237,51.1,1150000,400000.0,980816.25,2.452040625
298,303,306,Anthony Mantha,0,67,11,16,27,2.0,10,1,0,2,15,1,0,119,9.2,953,14:13,24,68,9,8,52.9,5700000,4950000.0,1293353.1,0.2612834595959596
299,304,307,Gustav Nyquist,0,51,11,16,27,2.0,9,0,2,2,15,1,0,102,10.8,899,17:37,30,41,14,18,43.8,5500000,4750000.0,2680210.2,0.5642547894736842
300,305,308,Colton Parayko,1,79,4,23,27,2.5,4,0,0,1,20,2,1,133,3.0,1817,23:00,144,115,0,0,,6500000,5750000.0,4376893.5,0.7611988695652174
301,306,309,Ivan Provorov,1,82,6,21,27,4.1,6,0,0,1,17,2,2,115,5.2,1888,23:01,162,97,0,0,,6750000,6000000.0,3793921.2,0.6323202083333334
302,307,310,Kevin Shattenkirk,1,75,4,23,27,3.0,3,1,0,0,16,7,0,145,2.8,1448,19:18,115,79,0,0,,3900000,3150000.0,2758388.8,0.8756789682539683
303,308,311,Jaccob Slavin,1,76,7,20,27,6.7,7,0,0,1,19,0,1,131,5.3,1671,22:00,103,36,0,0,,5300000,4550000.0,2795895.0,0.6144824175824176
304,309,312,Miles Wood,0,76,13,14,27,2.3,11,2,0,2,13,1,0,167,7.8,920,12:06,19,100,1,5,16.7,3200000,2450000.0,843790.9,0.3444044387755102
305,310,313,Nick Foligno,0,60,10,16,26,2.8,8,2,0,1,13,3,0,71,14.1,742,12:22,29,147,40,32,55.6,3800000,3050000.0,799794.0,0.26222754098360657
306,311,314,Ryan Graves,1,78,8,18,26,6.8,8,0,0,2,16,0,2,141,5.7,1556,19:57,152,83,0,0,,3166667,2416667.0,2111621.0,0.8737740863759881
307,312,315,Matt Grzelcyk,1,75,4,22,26,7.1,4,0,0,2,22,0,0,102,3.9,1292,17:14,78,51,0,0,,3687500,2937500.0,1188224.1,0.40450182978723404
308,313,316,Peyton Krebs,0,74,9,17,26,1.2,7,1,1,0,15,2,0,78,11.5,1024,13:50,20,93,251,305,45.1,863333,113333.0,1237132.1,10.915903796775872
309,314,317,Jack McBain,0,82,12,14,26,1.3,12,0,0,2,14,0,0,85,14.1,1146,13:59,51,304,370,470,44.0,883750,133750.0,1370658.5,10.247914018691588
310,315,318,Michael McLeod,0,80,4,22,26,1.4,4,0,0,1,21,0,1,90,4.4,980,12:15,51,127,587,381,60.6,975000,225000.0,1083718.8,4.816527777777778
311,316,319,Logan O'Connor,0,82,9,17,26,1.8,7,0,2,0,16,0,1,104,8.7,1165,14:12,50,116,2,10,16.7,1050000,300000.0,1051690.9,3.50563625
312,317,320,Ryan Pulock,1,82,5,21,26,5.5,4,1,0,1,17,4,0,126,4.0,1714,20:54,128,140,0,0,,6150000,5400000.0,2611690.2,0.4836463425925926
313,318,321,Nick Ritchie,0,74,13,13,26,1.2,9,4,0,2,7,6,0,120,10.8,1003,13:33,32,218,2,10,16.7,2500000,1750000.0,1373168.6,0.7846677857142857
314,319,322,Matt Roy,1,82,9,17,26,5.2,8,0,1,2,16,0,1,135,6.7,1540,18:47,153,119,0,0,,3150000,2400000.0,1869245.9,0.7788524479166666
315,320,323,Jakob Silfverberg,0,81,10,16,26,0.7,6,4,0,2,13,3,0,141,7.1,1230,15:11,51,10,18,34,34.6,5250000,4500000.0,1947898.9,0.43286641666666664
316,321,324,Nico Sturm,0,74,14,12,26,1.7,13,0,1,1,12,0,0,119,11.8,1090,14:44,45,100,491,389,55.8,2000000,1250000.0,1273576.1,1.0188609
317,322,325,Josh Bailey,0,64,8,17,25,1.9,8,0,0,2,14,3,0,72,11.1,969,15:08,31,11,40,56,41.7,5000000,4250000.0,1517025.6,0.35694720588235296
318,323,326,William Carrier,0,56,16,9,25,3.3,16,0,0,7,9,0,0,118,13.6,705,12:35,22,133,1,7,12.5,1400000,650000.0,768230.7,1.1818933653846153
319,324,327,Nic Dowd,0,65,13,12,25,2.6,13,0,0,3,11,0,1,62,21.0,868,13:21,61,136,433,419,50.8,1300000,550000.0,1189808.1,2.1632875
320,325,328,Brian Dumoulin,1,82,1,24,25,3.7,1,0,0,0,22,0,2,82,1.2,1693,20:38,142,123,0,0,,4100000,3350000.0,2975122.8,0.8880963432835821
321,326,329,Mattias Janmark,0,66,10,15,25,1.8,7,0,3,1,14,0,1,79,12.7,968,14:40,26,20,26,33,44.1,1250000,500000.0,1000465.25,2.0009305
322,327,330,Tyson Jost,0,71,7,18,25,0.9,7,0,0,0,18,0,0,98,7.1,940,13:15,32,61,175,276,38.8,2000000,1250000.0,914264.25,0.7314114
323,329,332,Kirill Marchenko,0,59,21,4,25,2.2,14,7,0,1,3,1,0,131,16.0,955,16:11,39,34,9,7,56.3,925000,175000.0,2885120.2,16.48640142857143
324,330,333,Jake McCabe,1,76,3,22,25,5.9,3,0,0,1,22,0,0,96,3.1,1480,19:29,151,163,0,0,,4000000,3250000.0,1958692.6,0.6026746538461538
325,331,334,Vladislav Namestnikov,0,77,8,17,25,1.7,7,1,0,0,15,2,0,108,7.4,972,12:37,39,108,77,128,37.6,2500000,1750000.0,807295.1,0.4613115
326,332,335,Jamie Oleksiak,1,75,9,16,25,4.8,9,0,0,2,16,0,0,76,11.8,1444,19:15,115,126,0,0,,4600000,3850000.0,2435816.8,0.6326796753246753
327,333,336,Juuso Pärssinen,0,45,6,19,25,2.0,5,1,0,3,12,7,0,49,12.2,645,14:20,18,76,156,155,50.2,850833,100833.0,1498927.0,14.865440877490505
328,334,337,Corey Perry,0,81,12,13,25,0.9,6,6,0,3,7,6,0,116,10.3,937,11:34,25,48,0,0,,1000000,250000.0,701455.9,2.8058235
329,335,338,Ryan Suter,1,82,3,22,25,4.4,3,0,0,1,17,4,1,92,3.3,1671,20:23,115,81,0,0,,3650000,2900000.0,2553397.2,0.8804818103448275
330,337,340,Kailer Yamamoto,0,58,10,15,25,1.9,9,0,1,3,14,0,1,97,10.3,962,16:35,24,77,6,7,46.2,3100000,2350000.0,2023271.1,0.8609664361702127
331,338,341,Adam Boqvist,1,46,5,19,24,3.0,5,0,0,1,10,9,0,68,7.4,857,18:38,47,23,0,0,,2600000,1850000.0,2370449.8,1.2813241891891891
332,339,342,Bowen Byram,1,42,10,14,24,4.5,7,2,1,1,10,4,0,65,15.4,919,21:53,54,82,0,0,,894167,144167.0,2615648.8,18.143186374135553
333,340,343,Mark Giordano,1,78,4,20,24,5.9,3,0,1,1,20,0,0,107,3.7,1478,18:57,147,60,0,0,,800000,50000.0,1661559.2,33.231185
334,341,344,Esa Lindell,1,82,8,16,24,6.8,8,0,0,2,14,0,2,116,6.9,1633,19:55,147,87,0,0,,5800000,5050000.0,1936879.6,0.3835405198019802
335,342,345,Scott Mayfield,1,82,6,18,24,5.3,6,0,0,1,18,0,0,119,5.0,1724,21:02,168,107,0,0,,1450000,700000.0,2619505.8,3.7421510714285713
336,343,346,Marcus Pettersson,1,68,1,23,24,3.9,1,0,0,0,23,0,0,96,1.0,1400,20:35,131,133,0,0,,4025175,3275175.0,2682975.2,0.8191853107085881
337,344,347,Eric Robinson,0,72,12,12,24,1.3,12,0,0,1,10,0,2,98,12.2,1004,13:57,32,124,3,12,20.0,1600000,850000.0,1066782.0,1.2550376470588236
338,345,348,Pius Suter,1,79,14,10,24,1.8,12,0,2,1,10,0,0,106,13.2,1111,14:04,37,39,214,243,46.8,3250000,2500000.0,1084753.6,0.43390145
339,346,349,Yakov Trenin,0,77,12,12,24,1.5,10,0,2,2,10,2,0,140,8.6,1166,15:09,30,167,14,22,38.9,1700000,950000.0,1583768.4,1.6671246052631579
340,347,350,Noel Acciari,0,77,14,9,23,1.5,14,0,0,2,7,0,2,102,13.7,1102,14:19,81,244,337,289,53.8,1250000,500000.0,1251371.9,2.50274375
341,349,352,Connor Clifton,1,78,5,18,23,5.1,4,0,1,0,18,0,0,93,5.4,1393,17:51,120,208,0,0,,1000000,250000.0,1346851.4,5.3874055
342,350,353,Brenden Dillon,1,82,2,21,23,4.7,2,0,0,0,20,0,1,83,2.4,1606,19:35,108,198,0,0,,3900000,3150000.0,2351593.8,0.7465376984126985
343,351,354,Lars Eller,0,84,10,13,23,1.4,9,0,1,1,13,0,0,140,7.1,1243,14:48,42,93,549,474,53.7,3500000,2750000.0,1442530.8,0.5245566363636364
344,352,355,Dakota Joshua,0,79,11,12,23,1.0,9,1,1,2,12,0,0,71,15.5,910,11:31,30,222,23,20,53.5,825000,75000.0,834273.75,11.12365
345,353,356,Nick Leddy,1,78,2,21,23,3.5,2,0,0,1,21,0,0,79,2.5,1648,21:07,96,43,0,0,,4000000,3250000.0,3322658.0,1.0223563076923077
346,354,357,Olli Määttä,1,78,6,17,23,3.9,6,0,0,0,17,0,0,62,9.7,1459,18:42,128,78,0,0,,2250000,1500000.0,2142045.8,1.4280305
347,355,358,Ryan McLeod,0,57,11,12,23,1.9,9,0,2,0,11,0,1,78,14.1,809,14:11,20,40,288,310,48.2,798000,48000.0,916144.44,19.086342447916667
348,356,359,Travis Sanheim,1,81,7,16,23,4.4,6,0,1,1,15,1,0,111,6.3,1653,20:24,137,61,0,0,,4675000,3925000.0,2360850.8,0.6014906369426751
349,358,361,Emil Bemström,0,55,7,15,22,1.4,4,3,0,0,12,3,0,95,7.4,666,12:07,21,16,7,10,41.2,900000,150000.0,824345.0,5.495633333333333
350,359,362,Quinton Byfield,0,53,3,19,22,1.6,2,1,0,0,19,0,0,74,4.1,745,14:04,16,53,51,57,47.2,894167,144167.0,1072251.9,7.437568063426443
351,360,363,Oliver Ekman-Larsson,1,54,2,20,22,1.2,2,0,0,0,15,4,1,90,2.2,1090,20:11,43,58,0,0,,8250000,7500000.0,3287152.8,0.43828703333333335
352,361,364,Garnet Hathaway,0,84,13,9,22,2.0,13,0,0,3,8,0,1,88,14.8,991,11:48,83,268,3,10,23.1,1500000,750000.0,884796.8,1.1797290833333334
353,362,365,Danton Heinen,0,65,8,14,22,1.5,7,1,0,0,13,1,0,96,8.3,699,10:45,26,76,2,3,40.0,1000000,250000.0,541722.25,2.166889
354,363,366,Alexander Romanov,1,76,2,20,22,4.8,2,0,0,0,19,0,1,100,2.0,1478,19:27,129,198,0,0,,2500000,1750000.0,1990091.6,1.1371952142857142
355,364,367,Luke Schenn,1,70,4,18,22,3.8,4,0,0,0,16,0,2,81,4.9,1145,16:21,98,318,0,0,,850000,100000.0,1196130.1,11.96130125
356,365,368,Paul Stastny,0,73,9,13,22,1.9,7,2,0,3,11,2,0,80,11.3,867,11:52,18,21,280,206,57.6,1500000,750000.0,934125.2,1.24550025
357,366,369,Tom Wilson,0,33,13,9,22,2.0,9,4,0,1,8,1,0,82,15.9,581,17:37,30,97,5,10,33.3,5166667,4416667.0,4077962.0,0.9233120812594655
358,367,370,Nicklas Bäckström,0,39,7,14,21,0.8,1,6,0,0,9,5,0,59,11.9,658,16:53,23,24,259,255,50.4,9200000,8450000.0,3708392.2,0.4388629881656805
359,368,371,Morgan Barron,0,70,8,13,21,1.5,7,0,1,2,10,1,2,112,7.1,928,13:15,44,118,13,16,44.8,925000,175000.0,891979.6,5.097026428571429
360,369,372,Jesper Boqvist,0,70,10,11,21,1.8,10,0,0,2,11,0,0,67,14.9,812,11:36,20,50,66,133,33.2,874125,124125.0,836361.6,6.73805941591138
361,370,373,Casey Cizikas,0,81,6,15,21,0.8,6,0,0,0,13,0,2,111,5.4,1177,14:32,58,188,501,438,53.4,2500000,1750000.0,1289229.4,0.7367025
362,371,374,Marcus Foligno,0,65,7,14,21,1.1,7,0,0,0,11,3,0,83,8.4,974,14:59,40,237,7,7,50.0,3100000,2350000.0,1413967.4,0.601688244680851
363,372,375,Travis Hamonic,1,75,6,15,21,3.7,6,0,0,1,11,1,3,136,4.4,1392,18:34,143,109,0,0,,3000000,2250000.0,1997023.9,0.8875661666666667
364,373,376,Pierre-Olivier Joseph,1,75,5,16,21,4.1,4,1,0,1,14,2,0,108,4.6,1144,15:15,36,88,0,0,,825000,75000.0,1013719.8,13.516264166666666
365,376,379,Colin Miller,1,79,6,15,21,5.6,5,1,0,3,15,0,0,106,5.7,1325,16:46,70,108,0,0,,1850000,1100000.0,1161445.0,1.0558590909090908
366,377,380,Adam Pelech,1,61,6,15,21,5.1,6,0,0,0,14,0,1,97,6.2,1321,21:39,110,77,0,0,,5750000,5000000.0,2473673.8,0.49473475
367,378,381,Jonas Siegenthaler,1,80,4,17,21,5.4,3,1,0,1,17,0,0,84,4.8,1612,20:09,151,101,0,0,,1125000,375000.0,2352083.8,6.272223333333334
368,379,382,Nikita Zadorov,1,82,14,7,21,5.6,14,0,0,2,6,1,0,130,10.8,1532,18:41,75,174,0,0,,3750000,3000000.0,1848593.0,0.6161976666666666
369,380,383,Michael Anderson,1,77,5,15,20,5.2,4,1,0,1,14,0,1,90,5.6,1668,21:40,129,162,0,0,,1000000,250000.0,2670511.8,10.682047
370,381,384,William Borgen,1,82,3,17,20,3.6,3,0,0,1,17,0,0,76,3.9,1342,16:22,89,203,0,0,,900000,150000.0,964013.5,6.426756666666667
371,382,385,Radek Faksa,0,81,11,9,20,1.5,10,0,1,3,8,0,1,88,12.5,1111,13:43,69,89,309,243,56.0,3250000,2500000.0,1241716.6,0.49668665
372,383,386,Rafaël Harvey-Pinard,0,34,14,6,20,2.5,9,4,1,1,6,0,0,58,24.1,586,17:14,56,57,0,1,0.0,825000,75000.0,2444618.5,32.59491333333333
373,384,387,Brett Kulak,1,82,3,17,20,3.4,3,0,0,0,14,0,3,114,2.6,1436,17:31,106,105,0,0,,2750000,2000000.0,1568339.4,0.7841696875
374,385,388,Sean Kuraly,0,71,11,9,20,0.4,9,1,1,0,8,0,1,100,11.0,1070,15:04,46,187,567,575,49.6,2500000,1750000.0,1469186.9,0.8395353571428571
375,386,389,Trevor Lewis,0,82,9,11,20,0.9,7,1,1,1,11,0,0,144,6.3,994,12:07,33,158,131,178,42.4,800000,50000.0,611374.94,12.22749875
376,387,390,Ryan Lomberg,0,82,12,8,20,1.3,12,0,0,1,8,0,0,134,9.0,927,11:19,24,149,15,15,50.0,800000,50000.0,358644.34,7.172886875
377,388,391,Ryan McDonagh,1,71,2,18,20,5.0,2,0,0,1,18,0,0,78,2.6,1529,21:32,165,63,0,0,,6750000,6000000.0,2667460.8,0.4445767916666667
378,389,392,Rasmus Ristolainen,1,74,3,17,20,3.5,1,1,1,0,11,4,2,86,3.5,1408,19:01,142,162,0,0,,5100000,4350000.0,1804329.9,0.41478847701149424
379,390,393,Derek Ryan,0,80,13,7,20,1.8,11,0,2,0,6,0,1,92,14.1,893,11:10,42,54,217,217,50.0,1250000,500000.0,624985.2,1.249970375
380,391,394,David Savard,1,62,3,17,20,2.3,3,0,0,1,16,0,1,63,4.8,1388,22:23,176,61,0,0,,3500000,2750000.0,3585073.0,1.303662909090909
381,392,395,Nick Bonino,0,62,10,9,19,1.1,10,0,0,0,8,1,0,91,11.0,987,15:55,79,19,217,233,48.2,2050000,1300000.0,1756827.4,1.351405673076923
382,393,396,Ben Chiarot,1,76,5,14,19,2.0,5,0,0,0,14,0,0,110,4.5,1566,20:37,163,147,0,0,,4750000,4000000.0,2855712.8,0.7139281875
383,394,397,Andrew Cogliano,0,79,10,9,19,1.3,10,0,0,0,7,0,2,85,11.8,997,12:37,54,55,33,37,47.1,1250000,500000.0,1052044.6,2.10408925
384,395,398,Jake Evans,0,54,2,17,19,0.5,1,1,0,0,15,0,2,55,3.6,782,14:29,41,27,338,312,52.0,1700000,950000.0,1606705.4,1.6912688157894737
385,397,400,Vladislav Gavrikov,1,72,6,13,19,4.5,5,0,1,2,12,0,1,89,6.7,1582,21:58,115,74,0,0,,2800000,2050000.0,2663054.8,1.2990510975609757
386,398,401,Carl Grundström,0,57,12,7,19,1.8,11,1,0,2,7,0,0,90,13.3,613,10:45,17,144,4,5,44.4,1300000,550000.0,377650.7,0.6866376136363637
387,399,402,Max Jones,0,69,9,10,19,0.4,9,0,0,2,10,0,0,107,8.4,877,12:43,18,110,10,12,45.5,1295000,545000.0,856830.3,1.5721657110091742
388,400,403,Steven Lorentz,0,80,10,9,19,0.7,8,1,1,0,8,0,1,111,9.0,947,11:50,46,133,262,285,47.9,1050000,300000.0,635642.6,2.11880875
389,401,404,Milan Lucic,0,77,7,12,19,0.6,7,0,0,0,12,0,0,73,9.6,871,11:18,15,168,17,22,43.6,6000000,5250000.0,745815.5,0.14206009523809524
390,402,405,Matt Martin,0,81,7,12,19,1.3,7,0,0,1,12,0,0,82,8.5,903,11:09,43,295,9,18,33.3,1500000,750000.0,695768.7,0.9276915833333333
391,403,406,Brock McGinn,0,75,12,7,19,1.1,10,0,2,3,7,0,0,91,13.2,978,13:02,43,84,4,10,28.6,2750000,2000000.0,980923.6,0.4904618125
392,404,407,Tyler Motte,0,62,8,11,19,1.5,7,0,1,1,11,0,0,109,7.3,780,12:34,60,118,21,30,41.2,1350000,600000.0,743797.4,1.2396622916666666
393,405,408,Nate Schmidt,1,71,7,12,19,5.3,4,3,0,0,10,2,0,101,6.9,1311,18:28,85,45,0,0,,5950000,5200000.0,1508545.4,0.2901048798076923
394,407,410,Erik Brännström,1,74,2,16,18,3.6,2,0,0,0,15,1,0,74,2.7,1192,16:07,103,49,0,0,,900000,150000.0,815957.0,5.439713333333334
395,408,411,Paul Cotter,0,55,13,5,18,1.6,13,0,0,1,5,0,0,76,17.1,705,12:50,17,168,11,13,45.8,760000,10000.0,777386.1,77.7386125
396,409,412,Connor Dewar,0,81,6,12,18,0.8,3,0,3,0,11,0,1,87,6.9,888,10:58,50,124,222,281,44.1,800000,50000.0,674169.75,13.483395
397,410,413,Adam Erne,0,61,8,10,18,0.8,8,0,0,2,9,0,1,55,14.5,816,13:23,55,160,12,14,46.2,2100000,1350000.0,1109460.8,0.8218227777777778
398,411,414,Zemgus Girgensons,0,80,10,8,18,0.6,10,0,0,0,7,1,0,114,8.8,1038,12:59,49,96,94,113,45.4,2200000,1450000.0,816907.8,0.563384698275862
399,412,415,Derek Grant,0,46,5,13,18,0.9,5,0,0,0,11,2,0,72,6.9,683,14:51,26,36,272,221,55.2,1500000,750000.0,1444048.4,1.9253978333333333
400,413,416,Kaiden Guhle,1,44,4,14,18,1.4,4,0,0,0,14,0,0,48,8.3,903,20:31,77,84,0,0,,863333,113333.0,2947921.8,26.011150768090495
401,414,417,Justin Holl,1,80,2,16,18,4.4,2,0,0,1,16,0,0,60,3.3,1619,20:14,139,151,0,0,,2000000,1250000.0,2936198.0,2.3489584
402,415,418,Tanner Jeannot,1,76,6,12,18,0.4,6,0,0,1,11,0,1,107,5.6,1083,14:15,62,290,10,13,43.5,800000,50000.0,952165.75,19.043315
403,416,419,Mathieu Joseph,0,56,3,15,18,1.0,0,1,2,0,12,2,1,66,4.5,785,14:01,28,80,3,6,33.3,2950000,2200000.0,941087.7,0.4277671306818182
404,417,420,Keegan Kolesar,0,74,8,10,18,1.3,8,0,0,0,10,0,0,63,12.7,849,11:28,31,279,8,16,33.3,1400000,650000.0,718486.7,1.1053641346153846
405,418,421,Timothy Liljegren,1,67,6,12,18,5.1,5,0,1,0,10,1,1,84,7.1,1200,17:55,93,107,0,0,,1400000,650000.0,1256264.5,1.9327146153846153
406,419,422,Ryan Lindgren,1,63,1,17,18,5.1,0,0,1,0,16,0,1,75,1.3,1187,18:50,92,68,0,0,,3000000,2250000.0,1400131.5,0.6222806666666667
407,420,423,John Marino,1,64,4,14,18,4.5,4,0,0,0,13,0,1,67,6.0,1349,21:04,81,44,0,0,,4400000,3650000.0,2487020.2,0.6813754109589041
408,421,424,Calle Rosén,1,49,8,10,18,4.3,8,0,0,2,10,0,0,62,12.9,764,15:36,51,16,0,0,,762500,12500.0,866783.0,69.34264
409,422,425,Braden Schneider,1,81,5,13,18,4.1,5,0,0,1,13,0,0,79,6.3,1273,15:43,130,147,0,0,,925000,175000.0,926319.4,5.293253571428571
410,423,426,Philip Tomasino,0,31,5,13,18,1.7,1,4,0,0,11,2,0,54,9.3,483,15:36,16,28,10,8,55.6,863333,113333.0,2619143.2,23.110155471045502
411,424,427,Marc-Édouard Vlasic,1,78,1,17,18,2.3,1,0,0,0,17,0,0,67,1.5,1363,17:28,116,45,0,0,,7000000,6250000.0,1691749.9,0.27067998
412,425,428,Jake Walman,1,63,9,9,18,4.9,9,0,0,2,7,2,0,140,6.4,1242,19:43,121,47,0,0,,1050000,300000.0,2130653.8,7.102179166666667
413,426,429,Ian Cole,1,78,3,14,17,4.0,3,0,0,0,14,0,0,109,2.8,1512,19:23,123,117,0,0,,3000000,2250000.0,1943004.9,0.8635577222222223
414,427,430,Sheldon Dries,0,63,11,6,17,1.0,6,4,1,0,5,1,0,94,11.7,726,11:32,40,84,235,236,49.9,762500,12500.0,438284.3,35.062745
415,428,431,Noah Gregor,0,57,10,7,17,1.1,10,0,0,1,6,0,1,119,8.4,740,12:58,34,97,7,16,30.4,950000,200000.0,882095.4,4.410476875
416,429,432,Radko Gudas,1,72,2,15,17,3.3,2,0,0,0,15,0,0,110,1.8,1250,17:22,124,312,0,0,,2500000,1750000.0,1490158.6,0.8515192142857143
417,430,433,Denis Gurianov,0,66,7,10,17,0.5,6,1,0,0,8,2,0,116,6.0,871,13:12,27,43,0,1,0.0,2900000,2150000.0,1009946.7,0.4697426453488372
418,431,434,Nicolas Hague,1,81,3,14,17,3.6,3,0,0,1,14,0,0,103,2.9,1465,18:05,133,117,0,0,,2294150,1544150.0,1636149.1,1.0595791373895023
419,432,435,Jordan Harris,1,65,4,13,17,2.7,4,0,0,0,12,1,0,70,5.7,1212,18:39,98,53,0,0,,842500,92500.0,2196829.5,23.74950810810811
420,433,436,Brayden McNabb,1,82,1,16,17,4.2,1,0,0,0,14,0,2,89,1.1,1627,19:51,197,201,0,0,,2850000,2100000.0,2113385.8,1.0063741666666666
421,434,437,Sean Monahan,0,25,6,11,17,1.3,5,1,0,0,8,3,0,55,10.9,434,17:22,8,10,177,144,55.1,6375000,5625000.0,3557008.2,0.6323570222222222
422,435,438,Tyler Myers,1,78,1,16,17,1.6,1,0,0,0,15,0,1,100,1.0,1631,20:54,144,93,0,0,,6000000,5250000.0,2983479.5,0.5682818095238096
423,438,441,Nils Åman,0,68,4,12,16,-0.1,4,0,0,1,10,0,2,50,8.0,864,12:42,41,44,181,293,38.2,883750,133750.0,1055255.5,7.889760747663551
424,439,442,Mason Appleton,0,41,5,11,16,1.1,4,1,0,0,11,0,0,71,7.0,657,16:01,11,47,2,8,20.0,2166667,1416667.0,1981775.5,1.3989000237882296
425,440,443,Ethan Bear,1,61,3,13,16,2.9,3,0,0,1,12,0,1,75,4.0,1130,18:32,82,39,0,0,,2200000,1450000.0,1800495.8,1.2417212068965517
426,441,444,Teddy Blueger,0,63,4,12,16,0.2,4,0,0,1,11,0,1,85,4.7,813,12:55,47,71,299,276,52.0,2200000,1450000.0,838938.1,0.5785780172413794
427,442,445,Brandon Carlo,1,75,3,13,16,6.0,3,0,0,0,11,0,2,94,3.2,1412,18:50,116,128,0,0,,4100000,3350000.0,1474549.6,0.4401640671641791
428,443,446,Robby Fabbri,0,28,7,9,16,1.5,4,3,0,3,4,5,0,35,20.0,448,16:00,15,49,10,16,38.5,4000000,3250000.0,2661731.8,0.8189943846153847
429,444,447,Martin Fehérváry,1,67,6,10,16,2.8,6,0,0,1,10,0,0,91,6.6,1340,20:00,128,217,0,0,,791667,41667.0,2295341.5,55.087755297957614
430,445,448,Jani Hakanpää,1,82,6,10,16,5.0,6,0,0,1,10,0,0,86,7.0,1585,19:20,128,224,0,0,,1500000,750000.0,2170371.2,2.8938283333333334
431,446,449,Nick Holden,1,65,2,14,16,2.9,2,0,0,0,13,0,1,73,2.7,1086,16:42,69,79,0,0,,1300000,550000.0,1290452.5,2.346277272727273
432,447,450,Caleb Jones,1,73,4,12,16,2.5,3,1,0,1,9,3,0,86,4.7,1402,19:13,118,116,0,0,,1350000,600000.0,2127531.2,3.5458854166666667
433,448,451,Boris Katchouk,0,58,5,11,16,0.8,5,0,0,2,10,0,1,68,7.4,701,12:05,15,85,3,12,20.0,758333,8333.0,807268.9,96.87614004560183
434,449,452,Dmitry Kulikov,1,67,3,13,16,2.2,3,0,0,0,13,0,0,84,3.6,1305,19:28,108,96,0,0,,2250000,1500000.0,2250826.2,1.5005508333333333
435,451,454,Nils Lundkvist,1,60,6,10,16,2.7,5,1,0,2,8,2,0,94,6.4,979,16:19,67,49,0,0,,925000,175000.0,1347156.6,7.698037857142857
436,454,457,Jesse Puljujärvi,0,75,5,11,16,-0.1,5,0,0,1,11,0,0,125,4.0,917,12:14,26,139,0,2,0.0,3000000,2250000.0,785395.5,0.3490646666666667
437,455,458,Craig Smith,0,64,9,7,16,1.4,9,0,0,2,6,1,0,104,8.7,704,11:00,21,48,2,7,22.2,3100000,2350000.0,308396.3,0.1312324734042553
438,456,459,Carson Soucy,1,78,3,13,16,3.7,3,0,0,0,11,0,2,87,3.4,1271,16:18,96,143,0,0,,2750000,2000000.0,1129925.0,0.5649625
439,457,460,Jakub Vrána,0,25,11,5,16,2.1,7,4,0,2,5,0,0,63,17.5,364,14:33,6,14,2,5,28.6,5250000,4500000.0,2346761.2,0.5215025
440,458,461,Oliver Wahlstrom,0,35,7,9,16,1.8,6,1,0,1,9,0,0,70,10.0,426,12:10,15,50,7,13,35.0,894167,144167.0,525509.7,3.645145473652084
441,459,462,Jesse Ylönen,0,37,6,10,16,0.9,5,1,0,1,10,0,0,43,14.0,498,13:27,28,14,3,3,50.0,880833,130833.0,767932.6,5.86956368041702
442,460,463,Wade Allison,0,60,9,6,15,1.0,9,0,0,2,6,0,0,89,10.1,774,12:54,62,190,1,5,16.7,785000,35000.0,829701.75,23.705764285714285
443,461,464,Justin Barron,1,39,4,11,15,2.2,2,1,1,1,10,1,0,40,10.0,636,16:18,38,49,0,0,,925000,175000.0,1228400.9,7.019433571428571
444,462,465,Nathan Bastian,0,43,6,9,15,1.3,6,0,0,1,9,0,0,62,9.7,535,12:26,38,99,11,26,29.7,825000,75000.0,403430.12,5.379068333333334
445,463,466,Cody Ceci,1,80,1,14,15,2.7,1,0,0,0,14,0,0,88,1.1,1611,20:08,110,139,0,0,,3250000,2500000.0,2762296.2,1.1049185
446,464,467,Luke Evangelista,0,24,7,8,15,1.8,7,0,0,1,6,2,0,54,13.0,398,16:34,6,9,0,0,,797500,47500.0,2689319.0,56.61724210526316
447,466,469,Dylan Guenther,0,33,6,9,15,1.0,2,4,0,1,7,2,0,53,11.3,433,13:07,11,18,2,2,50.0,894167,144167.0,1372563.5,9.520649663237773
448,467,470,Johnathan Kovacevic,1,77,3,12,15,3.0,3,0,0,0,12,0,0,92,3.3,1341,17:25,86,93,0,0,,766667,16667.0,1455136.6,87.30645137097258
449,468,471,Rasmus Kupari,0,66,3,12,15,0.4,3,0,0,0,11,0,1,53,5.7,666,10:06,34,80,220,183,54.6,863333,113333.0,504414.47,4.45072899111468
450,469,472,Oskar Lindblom,0,73,6,9,15,0.3,6,0,0,0,8,1,0,75,8.0,772,10:34,24,64,9,10,47.4,2500000,1750000.0,670121.7,0.3829266785714286
451,472,475,Rem Pitlick,0,46,6,9,15,0.5,5,1,0,1,8,0,1,30,20.0,594,12:55,18,23,25,33,43.1,1100000,350000.0,981497.4,2.804278214285714
452,473,476,Aliaksei Protas,0,58,4,11,15,0.5,4,0,0,0,11,0,0,83,4.8,668,11:31,15,39,21,43,32.8,789167,39167.0,593451.6,15.151827431255905
453,474,477,Ryan Reaves,0,73,5,10,15,0.7,5,0,0,0,10,0,0,48,10.4,680,9:19,24,196,4,11,26.7,1750000,1000000.0,403536.66,0.40353665625
454,475,478,Lukas Reichel,0,23,7,8,15,1.4,7,0,0,0,5,3,0,42,16.7,376,16:22,15,7,5,8,38.5,925000,175000.0,2478517.0,14.162954285714285
455,477,480,Colin White,0,68,8,7,15,1.0,8,0,0,0,7,0,0,64,12.5,655,9:38,29,61,84,111,43.1,1200000,450000.0,555745.0,1.234988888888889
456,478,481,Joel Armia,0,43,7,7,14,0.7,6,0,1,0,6,1,0,69,10.1,643,14:57,25,37,3,6,33.3,3400000,2650000.0,1328143.9,0.5011863679245283
457,479,482,Zach Aston-Reese,0,77,10,4,14,0.7,10,0,0,2,4,0,0,89,11.2,841,10:56,43,163,7,7,50.0,840630,90630.0,582203.0,6.423954540439148
458,482,485,Nick Blankenburg,1,36,4,10,14,1.4,4,0,0,1,6,4,0,50,8.0,690,19:10,49,61,0,0,,825000,75000.0,2406919.8,32.092263333333335
459,483,486,Jonas Brodin,1,60,3,11,14,4.4,3,0,0,0,9,0,2,90,3.3,1372,22:52,130,50,0,0,,6000000,5250000.0,2643172.2,0.5034613809523809
460,484,487,Jalen Chatfield,1,78,6,8,14,5.0,5,0,1,2,7,0,1,93,6.5,1102,14:07,63,78,0,0,,762500,12500.0,658485.25,52.67882
461,485,488,Liam Foudy,0,62,7,7,14,0.0,7,0,0,0,7,0,0,67,10.4,752,12:08,18,60,3,6,33.3,762500,12500.0,903686.7,72.294935
462,487,490,Brendan Gallagher,0,37,8,6,14,1.0,8,0,0,2,4,2,0,93,8.6,528,14:17,13,18,6,11,35.3,6500000,5750000.0,1903927.6,0.33111784782608694
463,488,491,Julien Gauthier,0,57,9,5,14,1.2,9,0,0,0,5,0,0,53,17.0,492,8:38,13,105,3,5,37.5,800000,50000.0,462795.97,9.255919375
464,490,493,Jujhar Khaira,0,51,6,8,14,0.6,4,1,1,0,7,1,0,59,10.2,708,13:53,40,108,154,164,48.4,975000,225000.0,1119368.9,4.9749727777777775
465,491,494,Isac Lundeström,0,61,4,10,14,-0.2,3,0,1,0,10,0,0,60,6.7,874,14:20,43,20,286,316,47.5,1800000,1050000.0,1256811.9,1.1969636904761904
466,492,495,Ilya Lyubushkin,1,68,2,12,14,1.8,1,0,1,1,11,0,1,41,4.9,1021,15:01,104,99,0,0,,2750000,2000000.0,865466.44,0.43273321875
467,493,496,Alec Martinez,1,77,3,11,14,5.0,2,0,1,2,11,0,0,76,3.9,1480,19:13,244,48,0,0,,5250000,4500000.0,1930594.9,0.42902108333333333
468,495,498,Nick Seeler,1,77,4,10,14,3.1,4,0,0,0,9,0,1,84,4.8,1116,14:29,161,126,0,0,,775000,25000.0,872265.25,34.89061
469,496,499,Troy Stecher,1,81,3,11,14,2.3,3,0,0,1,11,0,0,88,3.4,1326,16:22,92,70,0,0,,1250000,500000.0,1405567.2,2.8111345
470,498,501,Conor Timmins,1,27,2,12,14,1.8,2,0,0,1,8,4,0,19,10.5,407,15:05,18,23,0,0,,850000,100000.0,931053.0,9.31053
471,499,502,Pierre-Édouard Bellemare,0,73,4,9,13,-0.1,4,0,0,0,7,0,2,51,7.8,824,11:17,48,67,322,294,52.3,1000000,250000.0,713321.9,2.8532875
472,500,503,Yegor Chinakhov,0,30,4,9,13,0.8,3,1,0,0,8,1,0,44,9.1,398,13:15,17,27,1,2,33.3,925000,175000.0,913366.0,5.219234285714285
473,501,504,Joel Edmundson,1,61,2,11,13,0.3,2,0,0,0,10,0,1,69,2.9,1194,19:34,149,112,0,0,,3500000,2750000.0,2771364.2,1.007768818181818
474,502,505,Erik Gudbranson,1,70,1,12,13,1.5,1,0,0,1,12,0,0,102,1.0,1491,21:18,137,119,0,0,,4000000,3250000.0,2986192.8,0.9188285384615384
475,503,506,Pontus Holmberg,0,37,5,8,13,1.1,4,1,0,2,8,0,0,27,18.5,386,10:25,18,24,93,126,42.5,827500,77500.0,350552.6,4.523259274193548
476,504,507,Brett Howden,0,54,6,7,13,0.8,6,0,0,0,7,0,0,53,11.3,705,13:04,34,107,117,110,51.5,1500000,750000.0,890530.1,1.1873735
477,505,508,Henri Jokiharju,1,60,3,10,13,1.2,3,0,0,0,10,0,0,79,3.8,1261,21:01,58,63,0,0,,2500000,1750000.0,2850502.2,1.6288584285714285
478,506,509,Luke Kunin,0,31,5,8,13,0.7,3,2,0,0,6,2,0,58,8.6,478,15:26,27,63,5,7,41.7,2750000,2000000.0,2536686.5,1.26834325
479,507,510,Connor Murphy,1,80,7,6,13,3.3,5,0,2,0,6,0,0,85,8.2,1551,19:23,160,165,0,0,,4400000,3650000.0,1986240.0,0.5441753424657534
480,508,511,Andrew Peeke,1,80,6,7,13,1.0,6,0,0,1,6,0,1,90,6.7,1700,21:15,197,180,0,0,,787500,37500.0,3098083.2,82.61555333333334
481,511,514,Sean Walker,1,70,3,10,13,2.2,3,0,0,1,9,1,0,94,3.2,1038,14:50,104,77,0,0,,2650000,1900000.0,916631.25,0.4824375
482,512,515,Arber Xhekaj,1,51,5,8,13,1.7,3,2,0,0,7,1,0,75,6.7,779,15:16,46,159,0,0,,828333,78333.0,1061918.1,13.55645928280546
483,514,517,Josh Archibald,0,62,6,6,12,0.9,6,0,0,0,6,0,0,71,8.5,619,9:59,28,195,1,3,25.0,900000,150000.0,468232.22,3.121548125
484,515,518,Nicolas Aubé-Kubel,0,53,4,8,12,0.7,4,0,0,0,8,0,0,67,6.0,602,11:21,9,117,6,8,42.9,1000000,250000.0,557196.75,2.228787
485,517,520,Cal Clutterbuck,0,49,6,6,12,1.2,6,0,0,1,6,0,0,44,13.6,599,12:13,33,194,1,4,20.0,1750000,1000000.0,741941.06,0.7419410625
486,518,521,Nicolas Deslauriers,0,80,6,6,12,0.1,5,0,1,0,6,0,0,70,8.6,808,10:06,26,306,3,8,27.3,1750000,1000000.0,472906.6,0.47290659375
487,519,522,Derek Forbort,1,54,5,7,12,3.2,3,0,2,2,7,0,0,38,13.2,958,17:44,88,106,0,0,,3000000,2250000.0,1223296.2,0.5436872222222222
488,521,524,Jaycob Megna,1,54,1,11,12,2.5,1,0,0,0,10,0,1,56,1.8,1019,18:52,66,86,0,0,,762500,12500.0,2086707.0,166.93656
489,522,525,Zach Whitecloud,1,59,5,7,12,3.2,5,0,0,1,7,0,0,64,7.8,1010,17:07,97,90,0,0,,2750000,2000000.0,1332290.1,0.6661450625
490,523,526,Walker Duehr,1,27,7,4,11,1.3,7,0,0,2,4,0,0,47,14.9,275,10:12,4,55,1,6,14.3,827500,77500.0,161699.33,2.086442943548387
491,525,528,Dante Fabbro,1,79,2,9,11,2.7,2,0,0,0,8,1,0,101,2.0,1378,17:27,129,113,0,0,,2400000,1650000.0,1532439.2,0.9287510606060606
492,526,529,Mario Ferraro,1,72,4,7,11,0.9,4,0,0,0,6,1,0,66,6.1,1555,21:36,145,129,0,1,0.0,3250000,2500000.0,3605452.8,1.4421811
493,527,530,Jordan Greenway,0,62,6,5,11,0.1,6,0,0,0,5,0,0,99,6.1,837,13:30,39,107,2,12,14.3,3000000,2250000.0,997696.7,0.44342075
494,529,532,Vinnie Hinostroza,0,26,2,9,11,0.6,2,0,0,1,8,0,1,38,5.3,328,12:36,7,1,1,3,25.0,1700000,950000.0,788304.9,0.8297946052631578
495,530,533,Mark Kastelic,0,65,7,4,11,0.7,7,0,0,2,4,0,0,73,9.6,578,8:54,37,154,336,254,56.9,821667,71667.0,358369.72,5.000484445421184
496,531,534,Liam O'Brien,0,56,3,8,11,0.0,3,0,0,0,8,0,0,39,7.7,640,11:26,28,203,4,11,26.7,775000,25000.0,674719.25,26.98877
497,533,536,Jordan Oesterle,1,52,2,9,11,1.6,2,0,0,0,9,0,0,54,3.7,814,15:39,68,41,0,0,,1350000,600000.0,1035287.56,1.7254792708333333
498,534,537,Cole Sillinger,0,64,3,8,11,-0.7,1,2,0,0,7,1,0,93,3.2,852,13:19,36,105,308,388,44.3,925000,175000.0,1107243.9,6.327107857142857
499,537,540,Austin Watson,0,75,9,2,11,0.5,6,0,3,2,2,0,0,79,11.4,767,10:14,61,165,7,8,46.7,1500000,750000.0,297063.16,0.39608420833333335
500,539,542,Colin Blackwell,0,53,2,8,10,-0.2,2,0,0,0,7,0,1,53,3.8,625,11:48,17,49,18,18,50.0,1200000,450000.0,735504.6,1.6344547222222223
501,541,544,Mackenzie Entwistle,0,66,4,6,10,-0.1,4,0,0,0,5,1,0,50,8.0,787,11:55,28,126,93,107,46.5,800000,50000.0,793778.6,15.8755725
502,542,545,Dylan Gambrell,0,60,4,6,10,0.2,4,0,0,0,4,0,2,46,8.7,683,11:23,45,60,138,168,45.1,950000,200000.0,725432.6,3.627163125
503,543,546,Brad Hunt,1,47,4,6,10,2.1,4,0,0,0,6,0,0,46,8.7,527,11:13,10,16,0,0,,762500,12500.0,334064.47,26.7251575
504,544,547,Zack MacEwen,0,56,4,6,10,-0.1,4,0,0,3,6,0,0,73,5.5,648,11:34,29,150,15,14,51.7,925000,175000.0,591982.9,3.3827592857142856
505,545,548,Josh Manson,1,27,2,8,10,2.5,2,0,0,2,8,0,0,41,4.9,478,17:41,41,64,0,0,,4500000,3750000.0,923521.94,0.24627251666666666
506,546,549,Jake Neighbours,0,43,6,4,10,-0.1,5,1,0,1,3,1,0,53,11.3,534,12:26,21,63,7,12,36.8,835833,85833.0,849755.06,9.900097427562825
507,547,550,Mattias Samuelsson,1,55,2,8,10,2.7,2,0,0,0,7,0,1,76,2.6,1220,22:11,91,107,0,0,,925000,175000.0,2662226.5,15.212722857142857
508,548,551,Juraj Slafkovsky,0,39,4,6,10,0.1,3,1,0,0,5,1,0,42,9.5,476,12:13,24,53,5,5,50.0,950000,200000.0,761791.5,3.8089575
509,551,554,Artem Zub,1,53,3,7,10,2.5,3,0,0,0,7,0,0,41,7.3,1073,20:15,67,131,0,0,,2500000,1750000.0,2615665.2,1.494665857142857
510,553,556,Jacob Bryson,1,59,1,8,9,-0.4,1,0,0,0,7,0,1,27,3.7,861,14:35,69,34,0,0,,1850000,1100000.0,936884.7,0.8517133522727273
511,556,559,Pavel Dorofeyev,0,18,7,2,9,1.3,5,2,0,3,1,1,0,40,17.5,256,14:14,9,3,0,1,0.0,925000,175000.0,2221335.8,12.693347142857142
512,557,560,Anthony Duclair,0,20,2,7,9,0.6,2,0,0,0,7,0,0,43,4.7,297,14:51,9,20,0,0,,3000000,2250000.0,2112784.8,0.9390154444444444
513,558,561,Ridly Greig,0,20,2,7,9,0.7,2,0,0,0,4,3,0,30,6.7,258,12:54,3,33,43,66,39.4,863333,113333.0,1493130.0,13.174715219750647
514,559,562,Nils Höglander,0,25,3,6,9,0.4,3,0,0,0,6,0,0,29,10.3,301,12:03,8,21,1,1,50.0,891667,141667.0,487313.66,3.4398530091693904
515,560,563,Dylan Holloway,0,51,3,6,9,0.2,3,0,0,1,6,0,0,44,6.8,489,9:35,16,83,22,40,35.5,925000,175000.0,408964.22,2.3369383928571428
516,561,564,Simon Holmström,0,50,6,3,9,0.5,6,0,0,2,3,0,0,39,15.4,555,11:06,22,9,0,3,0.0,863333,113333.0,654357.8,5.773762386065841
517,562,565,Joel Kiviranta,1,70,8,1,9,-0.1,7,0,1,0,1,0,0,85,9.4,851,12:09,20,117,3,7,30.0,1050000,300000.0,441451.7,1.471505625
518,563,566,Brett Leason,0,54,6,3,9,-0.3,6,0,0,1,3,0,0,51,11.8,588,10:54,18,35,2,4,33.3,775000,25000.0,622277.06,24.8910825
519,564,567,Brendan Lemieux,0,45,2,7,9,0.2,2,0,0,0,7,0,0,44,4.5,458,10:11,15,131,7,7,50.0,1350000,600000.0,390862.4,0.65143734375
520,565,568,Jan Rutta,1,56,3,6,9,2.2,3,0,0,0,6,0,0,64,4.7,959,17:07,70,71,0,0,,2750000,2000000.0,1368268.6,0.6841343125
521,566,569,Devin Shore,0,47,1,8,9,0.4,1,0,0,0,8,0,0,33,3.0,421,8:58,24,46,89,86,50.9,850000,100000.0,278542.34,2.7854234375
522,567,570,Victor Söderström,1,30,0,9,9,1.0,0,0,0,0,6,3,0,31,0.0,485,16:10,39,17,0,0,,863333,113333.0,1176176.0,10.378054053100156
523,569,572,Rasmus Asplund,1,46,2,6,8,-0.1,1,0,1,0,6,0,0,54,3.7,504,10:58,11,23,22,33,40.0,825000,75000.0,340417.03,4.53889375
524,570,573,Kevin Bahl,1,42,2,6,8,1.6,2,0,0,0,6,0,0,27,7.4,589,14:01,38,64,0,0,,795000,45000.0,522579.3,11.61287361111111
525,571,574,Anders Bjork,0,14,2,6,8,0.9,2,0,0,0,6,0,0,15,13.3,194,13:50,4,8,0,2,0.0,1600000,850000.0,1297147.6,1.5260560294117647
526,572,575,Philip Broberg,1,46,1,7,8,1.4,1,0,0,0,7,0,0,32,3.1,580,12:36,35,28,0,0,,863333,113333.0,383624.16,3.384928981408769
527,573,576,Jack Drury,0,38,2,6,8,0.5,2,0,0,1,5,1,0,69,2.9,410,10:47,16,12,67,59,53.2,925000,175000.0,206835.89,1.181919375
528,574,577,Ben Hutton,1,31,3,5,8,1.5,3,0,0,0,4,1,0,52,5.8,496,16:00,34,18,0,0,,850000,100000.0,761227.2,7.612271875
529,575,578,Erik Johnson,1,63,0,8,8,2.3,0,0,0,0,7,0,1,98,0.0,1087,17:15,102,121,0,0,,6000000,5250000.0,1366424.1,0.2602712619047619
530,576,579,Jack Johnson,1,83,2,6,8,1.8,2,0,0,0,4,0,2,92,2.2,1589,19:09,127,117,0,1,0.0,950000,200000.0,2003875.9,10.019379375
531,577,580,Martin Kaut,0,36,4,4,8,0.4,3,1,0,1,4,0,0,44,9.1,374,10:24,5,23,2,4,33.3,863333,113333.0,291230.78,2.5696909218850643
532,578,581,Vitali Kravtsov,0,44,4,4,8,0.4,3,1,0,0,2,2,0,43,9.3,493,11:12,15,28,0,3,0.0,875000,125000.0,630458.5,5.043668
533,579,582,Gustav Lindström,1,36,1,7,8,0.3,1,0,0,0,7,0,0,18,5.6,510,14:10,34,39,0,0,,850000,100000.0,614931.56,6.149315625
534,580,583,Jacob MacDonald,1,58,1,7,8,0.5,1,0,0,0,6,1,0,75,1.3,698,12:02,43,69,0,0,,762500,12500.0,495375.56,39.630045
535,582,585,Ian Mitchell,1,35,1,7,8,1.1,1,0,0,0,6,1,0,25,4.0,554,15:50,37,16,0,0,,925000,175000.0,973723.6,5.564135
536,583,586,Jacob Peterson,0,12,2,6,8,0.2,0,2,0,0,6,0,0,21,9.5,209,17:26,5,12,1,1,50.0,842500,92500.0,3041709.2,32.883343243243246
537,584,587,Dylan Samberg,1,63,2,6,8,2.9,2,0,0,0,5,0,1,49,4.1,940,14:56,93,91,0,0,,925000,175000.0,882904.25,5.045167142857143
538,585,588,Elmer Söderblom,0,21,5,3,8,0.9,5,0,0,2,3,0,0,30,16.7,254,12:04,11,21,1,3,25.0,878333,128333.0,779226.0,6.071906680277092
539,586,589,Riley Stillman,1,50,1,7,8,0.3,1,0,0,0,7,0,0,37,2.7,732,14:39,44,81,0,0,,1350000,600000.0,816367.3,1.3606121875
540,587,590,Jack Studnicka,0,48,4,4,8,-0.2,4,0,0,1,4,0,0,65,6.2,509,10:36,19,61,77,84,47.8,762500,12500.0,396659.12,31.73273
541,588,591,Jarred Tinordi,1,44,2,6,8,0.7,2,0,0,1,6,0,0,32,6.3,724,16:27,68,139,0,0,,900000,150000.0,1480280.4,9.868535833333333
542,589,592,Nikita Zaitsev,1,46,1,7,8,1.1,1,0,0,0,7,0,0,20,5.0,757,16:28,72,95,0,0,,4500000,3750000.0,1228636.9,0.3276365
543,590,593,Nikita Alexandrov,0,28,3,4,7,0.5,3,0,0,0,4,0,0,28,10.7,275,9:49,13,28,53,97,35.3,816667,66667.0,167592.64,2.5138770399898
544,591,594,Sam Carrick,0,52,3,4,7,-0.6,3,0,0,0,4,0,0,50,6.0,549,10:34,24,98,182,187,49.3,850000,100000.0,551081.6,5.51081625
545,592,595,Tyson Foerster,0,8,3,4,7,0.8,3,0,0,0,3,1,0,15,20.0,133,16:34,10,12,0,0,,863333,113333.0,2447581.2,21.596368665790195
546,594,597,Robert Hägg,1,38,2,5,7,1.2,2,0,0,0,5,0,0,40,5.0,590,15:31,47,111,0,0,,800000,50000.0,977440.3,19.54880625
547,595,598,Karson Kuhlman,0,47,3,4,7,-0.1,3,0,0,2,4,0,0,48,6.3,557,11:51,18,41,0,5,0.0,825000,75000.0,705478.25,9.406376666666667
548,596,599,Jakub Lauko,0,23,4,3,7,0.8,4,0,0,1,3,0,0,17,23.5,204,8:52,6,44,0,4,0.0,764167,14167.0,180123.84,12.714325104115197
549,597,600,Connor Mackey,1,30,3,4,7,1.0,3,0,0,0,4,0,0,31,9.7,421,14:03,29,61,0,0,,912500,162500.0,512719.78,3.155198653846154
550,598,601,Jakob Pelletier,0,24,3,4,7,0.2,1,2,0,1,3,1,0,48,6.3,340,14:11,14,15,2,6,25.0,863333,113333.0,2296700.2,20.26506180900532
551,599,602,Vasily Podkolzin,0,39,4,3,7,0.0,4,0,0,0,3,0,0,41,9.8,462,11:50,15,52,7,9,43.8,925000,175000.0,702852.2,4.016298214285714
552,600,603,Filip Zadina,0,30,3,4,7,0.2,3,0,0,2,4,0,0,51,5.9,393,13:06,15,22,2,4,33.3,1825000,1075000.0,966251.56,0.8988386627906977
553,601,604,Jake Bean,1,14,1,5,6,0.8,1,0,0,0,4,1,0,16,6.3,220,15:42,21,13,0,0,,2333333,1583333.0,656882.5,0.4148732452364727
554,603,606,Luke Glendening,0,70,3,3,6,-0.9,1,0,2,0,3,0,0,65,4.6,844,12:04,60,114,359,249,59.0,1500000,750000.0,627069.4,0.8360925
555,604,607,Alex Goligoski,1,46,2,4,6,1.2,2,0,0,2,3,1,0,63,3.2,813,17:40,67,33,0,0,,2000000,1250000.0,1616196.4,1.2929571
556,605,608,David Gustafsson,0,46,0,6,6,0.0,0,0,0,0,5,0,1,45,0.0,464,10:06,18,25,103,106,49.3,775000,25000.0,420672.47,16.82689875
557,606,609,Cole Guttman,0,14,4,2,6,0.7,4,0,0,1,2,0,0,26,15.4,204,14:34,8,4,88,81,52.1,950000,200000.0,2068733.2,10.34366625
558,608,611,Reese Johnson,1,57,4,2,6,-0.4,4,0,0,1,2,0,0,54,7.4,628,11:01,23,178,120,106,53.1,800000,50000.0,483063.88,9.6612775
559,609,612,Kurtis MacDermid,1,44,1,5,6,0.9,1,0,0,1,5,0,0,20,5.0,367,8:20,31,86,0,1,0.0,987500,237500.0,238903.92,1.00591125
560,610,613,Niko Mikkola,1,81,1,5,6,2.1,1,0,0,0,5,0,0,62,1.6,1412,17:26,106,151,0,0,,1900000,1150000.0,1966457.6,1.7099631521739131
561,611,614,Daniil Miromanov,1,14,2,4,6,0.5,1,1,0,0,2,2,0,22,9.1,238,17:02,13,7,0,0,,762500,12500.0,1477878.1,118.23025
562,613,616,Colton White,1,46,0,6,6,0.0,0,0,0,0,6,0,0,30,0.0,668,14:32,37,34,0,0,,762500,12500.0,788189.5,63.05516
563,614,617,Chris Wideman,1,46,0,6,6,0.6,0,0,0,0,4,2,0,31,0.0,622,13:31,51,25,0,0,,762500,12500.0,586143.7,46.891495
564,615,618,Alexander Alexeyev,1,32,0,5,5,0.9,0,0,0,0,5,0,0,28,0.0,527,16:27,48,33,0,0,,863333,113333.0,1113725.6,9.827019711822683
565,617,620,Zach Bogosian,1,46,1,4,5,0.8,1,0,0,0,4,0,0,54,1.9,689,14:59,50,114,1,0,100.0,850000,100000.0,910694.75,9.1069475
566,618,621,Robert Bortuzzo,1,43,2,3,5,1.6,2,0,0,0,3,0,0,30,6.7,540,12:34,49,64,0,0,,950000,200000.0,422844.66,2.11422328125
567,620,623,Austin Czarnik,0,29,3,2,5,0.1,3,0,0,0,1,1,0,27,11.1,324,11:10,13,16,69,91,43.1,762500,12500.0,562266.6,44.98133
568,621,624,Vincent Desharnais,1,36,0,5,5,1.7,0,0,0,0,4,0,1,17,0.0,488,13:33,48,45,0,0,,762500,12500.0,382788.28,30.6230625
569,622,625,Jansen Harkins,0,22,3,2,5,0.6,3,0,0,0,2,0,0,18,16.7,238,10:49,11,16,2,7,22.2,850000,100000.0,428421.1,4.2842109375
570,624,627,Curtis Lazar,0,49,3,2,5,-0.5,3,0,0,0,2,0,0,55,5.5,585,11:56,53,138,140,132,51.5,1000000,250000.0,731604.4,2.9264175
571,625,628,Patrik Nemeth,1,75,0,5,5,1.0,0,0,0,0,5,0,0,62,0.0,1333,17:46,118,116,0,0,,2500000,1750000.0,2031612.6,1.1609215
572,626,629,Tanner Pearson,0,14,1,4,5,-0.1,1,0,0,0,3,1,0,17,5.9,189,13:30,3,20,7,11,38.9,3250000,2500000.0,1911387.5,0.764555
573,627,630,Isaak Phillips,1,16,1,4,5,0.2,1,0,0,0,4,0,0,16,6.3,247,15:28,6,27,0,0,,859167,109167.0,573103.4,5.249785878516401
574,629,632,Nicholas Robertson,0,15,2,3,5,0.5,2,0,0,1,3,0,0,27,7.4,163,10:53,7,18,2,1,66.7,796667,46667.0,1183956.1,25.370307176377313
575,630,633,Chad Ruhwedel,1,47,1,4,5,0.9,1,0,0,0,4,0,0,36,2.8,685,14:34,51,90,0,0,,800000,50000.0,694910.5,13.89821
576,631,634,Brendan Smith,1,60,0,5,5,1.3,0,0,0,0,4,0,1,58,0.0,933,15:33,76,102,0,0,,1100000,350000.0,1080985.1,3.0885289285714284
577,632,635,Nathan Beaulieu,1,52,0,4,4,-0.5,0,0,0,0,4,0,0,33,0.0,792,15:14,80,49,0,0,,850000,100000.0,1139909.6,11.39909625
578,633,636,Nick Cicek,1,16,0,4,4,0.1,0,0,0,0,4,0,0,3,0.0,231,14:25,21,28,0,0,,835000,85000.0,432126.34,5.083839338235294
579,638,641,Dennis Gilbert,1,23,1,3,4,0.7,1,0,0,1,3,0,0,13,7.7,270,11:44,26,55,0,0,,762500,12500.0,153631.61,12.29052875
580,639,642,Alexander Holtz,0,19,3,1,4,0.1,1,2,0,0,1,0,0,21,14.3,195,10:16,4,6,0,0,,894167,144167.0,945238.06,6.556549435723848
581,640,643,Parker Kelly,1,55,1,3,4,-0.7,1,0,0,1,2,0,1,59,1.7,578,10:30,25,172,5,6,45.5,762500,12500.0,374666.28,29.9733025
582,641,644,Matt Kiersted,1,20,1,3,4,0.8,1,0,0,0,3,0,0,14,7.1,197,9:51,7,13,0,0,,762500,12500.0,148706.61,11.89652875
583,642,645,Tanner Laczynski,0,32,2,2,4,-0.1,2,0,0,0,2,0,0,23,8.7,305,9:31,10,30,50,47,51.5,762500,12500.0,333866.66,26.7093325
584,645,648,Ben Meyers,1,39,4,0,4,-0.1,4,0,0,0,0,0,0,33,12.1,374,9:36,13,25,96,91,51.3,912500,162500.0,305624.78,1.8807678846153846
585,647,650,Robin Salo,1,11,2,2,4,0.8,2,0,0,0,2,0,0,9,22.2,123,11:11,13,6,0,0,,800000,50000.0,215873.22,4.317464375
586,649,652,Ty Smith,1,9,1,3,4,0.9,1,0,0,0,0,3,0,27,3.7,182,20:12,4,19,0,0,,863333,113333.0,2180964.8,19.24386321724476
587,650,653,Joe Snively,1,12,2,2,4,0.5,2,0,0,0,2,0,0,16,12.5,151,12:36,6,4,2,1,66.7,800000,50000.0,416755.28,8.335105625
588,651,654,Tyler Tucker,1,26,1,3,4,0.0,1,0,0,0,3,0,0,21,4.8,381,14:39,26,50,0,0,,808333,58333.0,751915.4,12.890051514580083
589,652,655,Yegor Zamula,1,14,0,4,4,0.6,0,0,0,0,4,0,0,8,0.0,187,13:23,13,9,0,0,,756667,6667.0,250526.17,37.577046928903556
590,653,656,Andrew Agozzino,0,4,1,2,3,0.2,0,0,1,0,2,0,0,9,11.1,65,16:22,4,12,1,0,100.0,775000,25000.0,2025868.5,81.03474
591,654,657,Kieffer Bellows,0,28,3,0,3,-0.1,3,0,0,1,0,0,0,32,9.4,271,9:41,10,48,3,15,16.7,1200000,450000.0,241900.98,0.5375577430555556
592,655,658,Tim Berni,1,59,1,2,3,-0.3,1,0,0,0,2,0,0,58,1.7,1001,16:58,74,122,0,0,,925000,175000.0,1523320.2,8.704687142857143
593,656,659,Samuel Bolduc,1,17,2,1,3,1.1,2,0,0,1,1,0,0,20,10.0,245,14:24,16,26,0,0,,842500,92500.0,360941.16,3.9020665540540542
594,660,663,Dylan Coghlan,1,17,0,3,3,0.5,0,0,0,0,3,0,0,29,0.0,216,12:43,9,11,0,0,,762500,12500.0,259746.02,20.77968125
595,661,664,Justin Danforth,0,6,2,1,3,0.3,2,0,0,0,1,0,0,10,20.0,80,13:23,1,7,4,9,30.8,975000,225000.0,2240915.2,9.959623333333333
596,662,665,Grigori Denisenko,0,18,0,3,3,-0.2,0,0,0,0,3,0,0,16,0.0,178,9:53,8,20,0,0,,925000,175000.0,532455.06,3.0426003571428573
597,663,666,William Eklund,0,8,2,1,3,0.1,2,0,0,0,0,1,0,18,11.1,159,19:50,6,7,2,4,33.3,894167,144167.0,3289900.8,22.820068046085442
598,664,667,Samuel Fagemo,0,9,2,1,3,0.2,2,0,0,0,1,0,0,5,40.0,71,7:51,6,5,0,1,0.0,795000,45000.0,1246227.4,27.693941666666667
599,666,669,Mark Friedman,1,23,1,2,3,0.8,1,0,0,0,2,0,0,36,2.8,332,14:27,22,52,0,0,,775000,25000.0,379281.6,15.17126375
600,667,670,Jordan Gross,1,15,3,0,3,0.7,2,1,0,0,0,0,0,24,12.5,282,18:47,16,10,0,0,,762500,12500.0,1802767.1,144.22137
601,669,672,Akito Hirose,1,7,0,3,3,0.3,0,0,0,0,1,2,0,4,0.0,122,17:28,6,6,0,0,,2026667,1276667.0,1230444.5,0.9637943958761368
602,670,673,Patric Hörnqvist,0,22,1,2,3,-0.1,1,0,0,1,1,1,0,40,2.5,204,9:16,8,18,1,5,16.7,5300000,4550000.0,558590.7,0.12276718406593407
603,671,674,Dryden Hunt,0,37,3,0,3,-0.3,3,0,0,0,0,0,0,23,13.0,299,8:04,4,100,1,2,33.3,762500,12500.0,335547.6,26.8438075
604,672,675,Andreas Johnsson,0,13,0,3,3,-0.2,0,0,0,0,3,0,0,18,0.0,175,13:28,5,7,6,7,46.2,3400000,2650000.0,1985889.1,0.7493921226415095
605,673,676,Wyatt Kaiser,1,9,0,3,3,0.2,0,0,0,0,3,0,0,14,0.0,167,18:36,10,5,0,0,,916667,166667.0,1378931.6,8.273573202853594
606,674,677,Michael Kesselring,1,9,0,3,3,0.3,0,0,0,0,3,0,0,8,0.0,154,17:06,7,12,0,0,,925000,175000.0,897114.44,5.126368214285714
607,676,679,Philippe Myers,1,11,1,2,3,0.5,1,0,0,0,2,0,0,21,4.8,127,11:33,6,31,0,0,,2550000,1800000.0,506810.1,0.28156116319444446
608,677,680,Joshua Norris,0,8,2,1,3,0.2,2,0,0,0,1,0,0,15,13.3,144,17:59,6,7,33,24,57.9,7950000,7200000.0,2828584.0,0.39285888888888887
609,678,681,Max Pacioretty,0,5,3,0,3,0.5,2,1,0,0,0,0,0,16,18.8,68,13:39,1,4,0,0,,7000000,6250000.0,2217115.5,0.35473848
610,680,683,Darren Raddysh,1,17,1,2,3,0.3,1,0,0,0,2,0,0,25,4.0,280,16:29,16,25,0,0,,762500,12500.0,1042923.06,83.433845
611,681,684,Aatu Räty,0,15,2,1,3,0.3,2,0,0,0,1,0,0,16,12.5,126,8:23,5,19,45,38,54.2,836667,86667.0,625448.75,7.21668858965927
612,682,685,Pavol Regenda,1,14,1,2,3,0.0,1,0,0,0,2,0,0,17,5.9,148,10:33,13,8,1,1,50.0,855000,105000.0,208688.9,1.987513392857143
613,684,687,Filip Roos,1,17,1,2,3,0.4,1,0,0,0,2,0,0,19,5.3,276,16:13,20,14,0,0,,925000,175000.0,754535.1,4.311629285714286
614,685,688,Logan Stanley,1,19,1,2,3,0.7,1,0,0,0,2,0,0,11,9.1,261,13:43,20,44,0,0,,900000,150000.0,380829.28,2.538861875
615,688,691,Thomas Bordeleau,0,8,0,2,2,-0.1,0,0,0,0,2,0,0,9,0.0,122,15:14,3,4,2,6,25.0,916667,166667.0,2414401.2,14.486378527242946
616,689,692,Justin Braun,1,51,0,2,2,1.0,0,0,0,0,2,0,0,42,0.0,764,14:59,49,47,0,0,,1000000,250000.0,881616.8,3.52646725
617,690,693,Jonny Brodzinski,0,17,1,1,2,0.1,1,0,0,0,1,0,0,27,3.7,158,9:19,4,9,51,45,53.1,762500,12500.0,795332.0,63.62656
618,691,694,Kyle Capobianco,1,14,2,0,2,0.7,2,0,0,1,0,0,0,14,14.3,173,12:20,6,12,0,0,,762500,12500.0,241164.69,19.293175
619,693,696,Brandt Clarke,1,9,0,2,2,0.2,0,0,0,0,1,1,0,11,0.0,123,13:39,14,3,0,0,,894167,144167.0,832466.0,5.774317284815527
620,694,697,Simon Edvinsson,1,9,2,0,2,0.1,2,0,0,0,0,0,0,5,40.0,154,17:04,8,11,0,0,,925000,175000.0,1093799.6,6.250283571428572
621,695,698,Byron Froese,0,9,1,1,2,0.1,1,0,0,0,1,0,0,15,6.7,90,9:58,5,11,31,21,59.6,762500,12500.0,1727558.0,138.20464
622,696,699,Daniil Gushchin,0,2,1,1,2,0.2,0,1,0,0,0,1,0,8,12.5,32,15:55,5,0,0,0,,828333,78333.0,2155220.0,27.513563887505903
623,698,701,Thomas Harley,1,6,0,2,2,0.7,0,0,0,0,2,0,0,8,0.0,101,16:48,8,1,0,0,,863333,113333.0,951907.7,8.399210181500534
624,701,704,Luke Hughes,1,2,1,1,2,0.3,1,0,0,1,1,0,0,2,50.0,32,16:14,3,1,0,0,,925000,175000.0,967647.1,5.529412142857143
625,702,705,Ross Johnston,0,16,0,2,2,0.0,0,0,0,0,2,0,0,2,0.0,125,7:48,5,34,1,0,100.0,1100000,350000.0,233365.16,0.6667575892857143
626,703,706,Zachary Jones,1,16,1,1,2,0.4,1,0,0,1,1,0,0,15,6.7,250,15:37,16,5,0,0,,925000,175000.0,624037.75,3.56593
627,704,707,Zack Kassian,0,51,2,0,2,-1.1,2,0,0,0,0,0,0,25,8.0,467,9:09,8,32,3,5,37.5,3200000,2450000.0,453054.1,0.18492003826530612
628,705,708,Tyler Kleven,1,8,0,2,2,0.2,0,0,0,0,2,0,0,11,0.0,118,14:41,7,9,0,0,,916667,166667.0,915445.1,5.492659764680471
629,706,709,Otto Koivula,0,8,0,2,2,0.1,0,0,0,0,2,0,0,5,0.0,55,6:52,4,6,13,8,61.9,800000,50000.0,1236223.9,24.7244775
630,707,710,Kaedan Korczak,1,10,0,2,2,0.1,0,0,0,0,2,0,0,16,0.0,176,17:34,8,25,0,0,,789167,39167.0,1380612.5,35.24938085633314
631,708,711,Beck Malenstyn,0,9,1,1,2,0.2,1,0,0,1,1,0,0,7,14.3,89,9:55,5,34,1,0,100.0,762500,12500.0,1516428.0,121.31424
632,709,712,Hunter McKown,1,12,0,2,2,-0.2,0,0,0,0,2,0,0,13,0.0,147,12:14,5,12,48,39,55.2,950000,200000.0,412910.62,2.064553125
633,714,717,Jack Rathbone,1,11,1,1,2,0.3,1,0,0,0,1,0,0,12,8.3,157,14:14,7,7,0,0,,850000,100000.0,630456.7,6.304566875
634,715,718,Marco Scandella,1,20,1,1,2,0.6,1,0,0,0,1,0,0,17,5.9,357,17:50,26,27,0,0,,3275000,2525000.0,1231917.9,0.4878882673267327
635,716,719,Wayne Simmonds,0,18,0,2,2,0.0,0,0,0,0,2,0,0,9,0.0,134,7:27,7,44,4,0,100.0,900000,150000.0,183936.52,1.2262434375
636,717,720,Egor Sokolov,1,5,1,1,2,0.3,1,0,0,1,1,0,0,5,20.0,35,7:02,2,5,0,0,,818333,68333.0,500663.28,7.326815466173006
637,718,721,Spencer Stastney,1,8,0,2,2,0.7,0,0,0,0,1,0,1,9,0.0,141,17:37,9,2,0,0,,925000,175000.0,1104753.8,6.312878571428572
638,719,722,Henry Thrun,1,8,0,2,2,0.1,0,0,0,0,2,0,0,7,0.0,159,19:52,9,4,0,0,,912500,162500.0,1375869.1,8.466886923076924
639,720,723,Urho Vaakanainen,1,23,0,2,2,-0.6,0,0,0,0,2,0,0,27,0.0,379,16:27,28,18,0,0,,850000,100000.0,1159167.2,11.5916725
640,721,724,Austin Wagner,0,7,1,1,2,0.1,1,0,0,1,1,0,0,13,7.7,85,12:08,1,19,0,0,,1133333,383333.0,2085350.6,5.440049839173773
641,722,725,Samuel Walker,0,9,1,1,2,0.1,1,0,0,0,1,0,0,8,12.5,95,10:36,1,2,0,0,,855000,105000.0,1684422.1,16.042115476190475
642,723,726,Shane Wright,0,8,1,1,2,0.3,1,0,0,0,1,0,0,4,25.0,68,8:29,6,1,10,21,32.3,950000,200000.0,1394379.1,6.971895625
643,724,727,Egor Afanasyev,0,17,1,0,1,-0.3,1,0,0,0,0,0,0,21,4.8,184,10:51,13,23,0,0,,789167,39167.0,1264838.8,32.293480481017184
644,725,728,Andy Andreoff,0,3,0,1,1,0.0,0,0,0,0,1,0,0,1,0.0,22,7:21,1,7,3,4,42.9,762500,12500.0,1681621.8,134.52974
645,726,729,Tyler Angle,0,2,1,0,1,0.1,1,0,0,0,0,0,0,5,20.0,23,11:29,0,2,8,10,44.4,850833,100833.0,1899143.9,18.834546973709003
646,727,730,Jacob Bernard-Docker,1,19,0,1,1,0.3,0,0,0,0,1,0,0,22,0.0,304,16:01,27,23,0,0,,925000,175000.0,821454.56,4.6940260714285715
647,728,731,Tobias Björnfot,1,10,0,1,1,0.3,0,0,0,0,1,0,0,10,0.0,143,14:17,11,12,0,0,,894167,144167.0,601270.6,4.170653651667857
648,730,733,Kyle Clifford,0,2,0,1,1,0.1,0,0,0,0,1,0,0,2,0.0,16,7:55,0,6,0,0,,762500,12500.0,1697463.6,135.79709
649,731,734,Lucas Condotta,1,1,1,0,1,0.2,1,0,0,0,0,0,0,5,20.0,11,11:02,0,3,4,3,57.1,830000,80000.0,830465.7,10.38082109375
650,735,738,Travis Dermott,1,11,1,0,1,0.0,1,0,0,0,0,0,0,7,14.3,151,13:45,10,10,0,0,,1500000,750000.0,575637.44,0.7675165833333333
651,736,739,Sean Farrell,0,6,1,0,1,0.0,1,0,0,0,0,0,0,8,12.5,83,13:52,2,0,0,0,,897500,147500.0,2414812.8,16.37161186440678
652,739,742,Haydn Fleury,1,29,0,1,1,-0.3,0,0,0,0,1,0,0,33,0.0,371,12:48,30,30,0,0,,762500,12500.0,485931.06,38.874485
653,740,743,Nolan Foote,0,6,1,0,1,0.2,1,0,0,0,0,0,0,4,25.0,43,7:13,3,5,0,2,0.0,863333,113333.0,1568282.6,13.837828567142845
654,741,744,Brendan Gaunce,0,5,0,1,1,0.0,0,0,0,0,1,0,0,9,0.0,52,10:28,2,4,33,23,58.9,762500,12500.0,1856952.4,148.55619
655,742,745,Damien Giroux,0,1,0,1,1,0.1,0,0,0,0,1,0,0,0,,14,13:57,1,2,2,3,40.0,818333,68333.0,1862714.9,27.25937504573193
656,743,746,Kevin Gravel,1,23,0,1,1,-0.2,0,0,0,0,1,0,0,20,0.0,328,14:16,36,23,0,0,,762500,12500.0,709358.6,56.74869
657,744,747,Libor Hájek,1,16,1,0,1,0.5,1,0,0,0,0,0,0,13,7.7,212,13:16,20,17,0,0,,800000,50000.0,388933.34,7.778666875
658,745,748,Ville Heinola,1,10,0,1,1,-0.1,0,0,0,0,1,0,0,5,0.0,133,13:16,7,7,0,0,,863333,113333.0,487505.66,4.301533147891611
659,746,749,Drew Helleson,1,3,1,0,1,0.2,1,0,0,0,0,0,0,4,25.0,41,13:39,3,2,0,0,,925000,175000.0,1048165.94,5.989519642857143
660,747,750,Vincent Iorio,1,3,0,1,1,0.1,0,0,0,0,1,0,0,3,0.0,43,14:21,3,2,0,0,,845000,95000.0,1014323.8,10.677092763157894
661,748,751,Matthew Knies,0,3,0,1,1,0.1,0,0,0,0,1,0,0,4,0.0,39,13:07,2,2,0,0,,925000,175000.0,1976825.5,11.296145714285714
662,749,752,Nikolai Knyzhov,1,12,1,0,1,-0.5,1,0,0,0,0,0,0,10,10.0,194,16:09,16,11,0,0,,850000,100000.0,1151071.8,11.5107175
663,750,753,Cole Koepke,0,17,1,0,1,-0.2,1,0,0,0,0,0,0,12,8.3,155,9:06,5,32,0,0,,842500,92500.0,552773.5,5.97592972972973
664,753,756,Jake Livingstone,1,5,0,1,1,0.1,0,0,0,0,1,0,0,3,0.0,77,15:27,11,6,0,0,,2001667,1251667.0,1012193.6,0.8086764490874969
665,756,759,Olle Lycksell,0,8,0,1,1,-0.1,0,0,0,0,1,0,0,5,0.0,84,10:34,7,1,0,0,,837500,87500.0,1796859.0,20.535531428571428
666,757,760,Aidan McDonough,0,6,1,0,1,0.0,1,0,0,0,0,0,0,4,25.0,56,9:19,2,7,1,0,100.0,925000,175000.0,1902437.1,10.871069285714286
667,759,762,Bobby McMann,1,10,0,1,1,-0.1,0,0,0,0,1,0,0,18,0.0,106,10:34,0,17,1,1,50.0,762500,12500.0,565187.5,45.215
668,760,763,Cole McWard,1,5,1,0,1,0.2,1,0,0,0,0,0,0,6,16.7,71,14:13,6,5,0,0,,922500,172500.0,1082802.1,6.277113768115942
669,762,765,Jake Muzzin,1,4,0,1,1,0.2,0,0,0,0,1,0,0,8,0.0,67,16:43,10,11,0,0,,5625000,4875000.0,1292386.9,0.265105
670,763,766,Nikita Nesterenko,0,9,1,0,1,-0.1,1,0,0,0,0,0,0,23,4.3,120,13:17,1,6,0,3,0.0,925000,175000.0,2455469.8,14.031255714285715
671,765,768,Tucker Poolman,1,3,0,1,1,0.2,0,0,0,0,1,0,0,3,0.0,42,13:58,2,2,0,0,,2500000,1750000.0,960585.5,0.548906
672,766,769,Samuel Poulin,0,3,0,1,1,-0.1,0,0,0,0,0,1,0,2,0.0,30,9:58,1,3,8,9,47.1,863333,113333.0,1962516.8,17.316375195221163
673,767,770,Kristian Reichel,1,2,0,1,1,0.1,0,0,0,0,1,0,0,1,0.0,21,10:34,0,2,0,0,,775000,25000.0,785210.7,31.4084275
674,768,771,Mike Reilly,1,10,0,1,1,0.2,0,0,0,0,1,0,0,12,0.0,167,16:44,10,21,0,0,,3000000,2250000.0,1053232.8,0.46810344444444446
675,770,773,Kevin Rooney,0,17,0,1,1,-0.2,0,0,0,0,1,0,0,14,0.0,151,8:52,10,26,44,61,41.9,1300000,550000.0,446275.84,0.811410625
676,771,774,Marco Rossi,0,19,0,1,1,-0.5,0,0,0,0,1,0,0,13,0.0,238,12:31,9,6,69,77,47.3,863333,113333.0,1221060.6,10.77409602675302
677,772,775,Jonas Røndbjerg,0,13,0,1,1,-0.3,0,0,0,0,1,0,0,15,0.0,132,10:10,7,2,1,2,33.3,766667,16667.0,1406056.4,84.36169526609469
678,776,779,Jordan Spence,1,6,0,1,1,0.2,0,0,0,0,1,0,0,6,0.0,84,14:00,3,3,0,0,,820000,70000.0,881075.6,12.586794642857143
679,777,780,Oskar Steen,0,3,1,0,1,0.1,1,0,0,0,0,0,0,5,20.0,27,9:09,0,3,0,1,0.0,800000,50000.0,1799912.6,35.9982525
680,778,781,Stanislav Svozil,1,2,0,1,1,-0.1,0,0,0,0,0,1,0,3,0.0,40,20:07,1,1,0,0,,847500,97500.0,1328008.0,13.620594871794871
681,779,782,Billy Sweezey,1,9,0,1,1,0.1,0,0,0,0,1,0,0,3,0.0,154,17:07,20,39,0,0,,762500,12500.0,834042.0,66.72336
682,781,784,Alex Vlasic,1,6,0,1,1,0.2,0,0,0,0,1,0,0,4,0.0,118,19:38,9,5,0,0,,916667,166667.0,1286867.6,7.721190307619385
683,787,790,Alex Barré-Boulet,1,1,0,0,0,0.0,0,0,0,0,0,0,0,1,0.0,10,10:01,0,0,0,1,0.0,758333,8333.0,796276.4,95.55698727949118
684,788,791,Owen Beck,0,1,0,0,0,-0.1,0,0,0,0,0,0,0,0,,10,9:48,1,0,1,2,33.3,916667,166667.0,1886160.6,11.316941116117768
685,789,792,Adam Beckman,0,9,0,0,0,-0.2,0,0,0,0,0,0,0,12,0.0,96,10:41,2,3,0,1,0.0,894167,144167.0,1909353.8,13.244041632273683
686,793,796,Mark Borowiecki,1,4,0,0,0,0.1,0,0,0,0,0,0,0,1,0.0,40,9:56,1,5,0,0,,900000,150000.0,738582.1,4.9238808333333335
687,795,798,Connor Brown,0,4,0,0,0,-0.2,0,0,0,0,0,0,0,2,0.0,67,16:46,1,6,2,3,40.0,3600000,2850000.0,2546014.2,0.8933383333333333
688,798,801,Lucas Carlsson,1,2,0,0,0,-0.1,0,0,0,0,0,0,0,2,0.0,20,10:06,1,3,0,0,,800000,50000.0,824113.0,16.48226
689,799,802,Jackson Cates,0,5,0,0,0,-0.1,0,0,0,0,0,0,0,4,0.0,45,8:59,1,3,9,10,47.4,775000,25000.0,1845107.2,73.80429
690,801,804,Dennis Cholowski,1,2,0,0,0,0.0,0,0,0,0,0,0,0,0,,26,12:47,1,0,0,0,,762500,12500.0,911103.8,72.888305
691,802,805,Matthew Coronato,0,1,0,0,0,0.0,0,0,0,0,0,0,0,4,0.0,15,14:38,0,1,0,0,,925000,175000.0,1916540.9,10.951662142857144
692,804,807,Jean-Sébastien Dea,0,4,0,0,0,-0.1,0,0,0,0,0,0,0,1,0.0,38,9:27,1,3,1,2,33.3,762500,12500.0,1915056.1,153.20449
693,806,809,Semyon Der-Arguchintsev,0,1,0,0,0,0.0,0,0,0,0,0,0,0,0,,7,7:16,0,0,0,0,,766667,16667.0,1793010.1,107.57845593088138
694,807,810,Nick DeSimone,1,4,0,0,0,-0.2,0,0,0,0,0,0,0,4,0.0,45,11:15,4,2,0,0,,762500,12500.0,966271.0,77.30168
695,808,811,Elliot Desnoyers,1,4,0,0,0,-0.2,0,0,0,0,0,0,0,3,0.0,53,13:22,4,9,8,14,36.4,825000,75000.0,1113624.6,14.848328333333333
696,809,812,Jamie Drysdale,1,8,0,0,0,-0.1,0,0,0,0,0,0,0,8,0.0,141,17:37,6,7,0,0,,925000,175000.0,1348567.6,7.706100714285714
697,810,813,William Dufour,0,1,0,0,0,-0.1,0,0,0,0,0,0,0,0,,7,6:48,0,1,0,1,0.0,859167,109167.0,1822795.1,16.697308939514688
698,811,814,Joshua Dunne,0,8,0,0,0,-0.3,0,0,0,0,0,0,0,4,0.0,80,9:58,4,19,26,25,51.0,874125,124125.0,1840127.2,14.8247915407855
699,812,815,Arnaud Durandeau,0,4,0,0,0,0.0,0,0,0,0,0,0,0,9,0.0,52,13:00,2,3,0,1,0.0,762500,12500.0,2090088.6,167.20709
700,813,816,Brock Faber,1,2,0,0,0,0.2,0,0,0,0,0,0,0,1,0.0,40,20:04,9,0,0,0,,925000,175000.0,1139938.8,6.513935714285714
701,814,817,Taylor Fedun,1,4,0,0,0,0.0,0,0,0,0,0,0,0,5,0.0,44,11:04,4,3,0,0,,762500,12500.0,880668.75,70.4535
702,815,818,Steven Fogarty,0,2,0,0,0,0.0,0,0,0,0,0,0,0,0,,21,10:19,0,3,2,2,50.0,762500,12500.0,1904997.6,152.39981
703,816,819,Gabriel Fortier,0,1,0,0,0,0.0,0,0,0,0,0,0,0,0,,8,8:25,0,1,0,0,,791667,41667.0,1814132.1,43.53882268941848
704,817,820,Jean-Luc Foudy,0,9,0,0,0,-0.3,0,0,0,0,0,0,0,12,0.0,90,10:02,2,2,0,3,0.0,847500,97500.0,1855895.4,19.034824358974358
705,819,822,Glenn Gawdin,0,3,0,0,0,-0.1,0,0,0,0,0,0,0,3,0.0,29,9:36,3,4,8,14,36.4,762500,12500.0,1885955.6,150.87645
706,820,823,Adam Ginning,1,1,0,0,0,0.0,0,0,0,0,0,0,0,0,,17,16:40,2,2,0,0,,883750,133750.0,933101.25,6.976457943925234
707,821,824,Benoit-Olivier Groulx,0,2,0,0,0,-0.1,0,0,0,0,0,0,0,2,0.0,33,16:21,0,0,9,11,45.0,822500,72500.0,2165522.8,29.869279310344826
708,822,825,Jonathan Gruden,0,3,0,0,0,0.0,0,0,0,0,0,0,0,0,,16,5:20,1,4,5,9,35.7,788333,38333.0,1615669.9,42.14827628935904
709,823,826,James Hamblin,1,10,0,0,0,-0.3,0,0,0,0,0,0,0,12,0.0,89,8:52,1,2,27,15,64.3,807500,57500.0,335445.53,5.833835326086956
710,824,827,Mike Hardman,0,8,0,0,0,-0.2,0,0,0,0,0,0,0,7,0.0,81,10:10,6,25,6,4,60.0,800000,50000.0,1867606.6,37.3521325
711,825,828,Dillon Heatherington,1,3,0,0,0,-0.2,0,0,0,0,0,0,0,1,0.0,28,9:16,2,2,0,0,,762500,12500.0,818982.2,65.518575
712,826,829,Darren Helm,0,11,0,0,0,-0.2,0,0,0,0,0,0,0,10,0.0,99,9:00,3,16,31,43,41.9,1250000,500000.0,1365307.9,2.73061575
713,828,831,Taro Hirose,0,3,0,0,0,-0.1,0,0,0,0,0,0,0,2,0.0,31,10:20,2,1,1,0,100.0,850000,100000.0,1939560.4,19.39560375
714,829,832,Hayden Hodgson,0,1,0,0,0,0.0,0,0,0,0,0,0,0,0,,5,4:46,0,0,0,0,,800000,50000.0,1750766.4,35.0153275
715,832,835,Jan Jeník,0,2,0,0,0,0.0,0,0,0,0,0,0,0,0,,12,5:55,2,4,1,4,20.0,795000,45000.0,1714900.6,38.10890277777778
716,833,836,Lucas Johansen,1,2,0,0,0,0.0,0,0,0,0,0,0,0,3,0.0,25,12:40,3,0,0,0,,762500,12500.0,895082.4,71.60659
717,836,839,Marco Kasper,0,1,0,0,0,0.0,0,0,0,0,0,0,0,1,0.0,15,14:59,0,3,1,7,12.5,950000,200000.0,1950624.5,9.7531225
718,837,840,Matthew Kessel,1,2,0,0,0,-0.1,0,0,0,0,0,0,0,3,0.0,30,15:10,1,0,0,0,,883750,133750.0,1034382.3,7.73369953271028
719,839,842,Vladislav Kolyachonok,1,2,0,0,0,0.0,0,0,0,0,0,0,0,2,0.0,28,13:46,2,2,0,0,,789167,39167.0,955595.0,24.397962570531316
720,840,843,Filip Král,1,2,0,0,0,0.0,0,0,0,0,0,0,0,1,0.0,20,9:58,1,2,0,0,,810000,60000.0,792937.9,13.21563125
721,841,844,Jackson LaCombe,1,2,0,0,0,0.0,0,0,0,0,0,0,0,1,0.0,37,18:29,9,1,0,0,,925000,175000.0,1144480.9,6.539890714285714
722,844,847,Jake Leschyshyn,0,35,0,0,0,-0.9,0,0,0,0,0,0,0,31,0.0,320,9:08,11,55,118,115,50.6,766667,16667.0,379512.34,22.770285219295616
723,846,849,Anton Levtchi,1,2,0,0,0,0.0,0,0,0,0,0,0,0,1,0.0,19,9:35,0,0,0,1,0.0,842500,92500.0,774174.6,8.369455405405406
724,847,850,Brad Malone,0,10,0,0,0,-0.3,0,0,0,0,0,0,0,7,0.0,77,7:41,4,26,26,19,57.8,762500,12500.0,1289215.4,103.13723
725,848,851,Mikhail Maltsev,0,5,0,0,0,-0.1,0,0,0,0,0,0,0,4,0.0,33,6:36,2,4,14,13,51.9,800000,50000.0,1591644.5,31.83289
726,849,852,Dysin Mayo,1,15,0,0,0,-0.4,0,0,0,0,0,0,0,7,0.0,175,11:42,20,30,0,0,,950000,200000.0,346142.66,1.73071328125
727,851,854,Roland McKeown,1,6,0,0,0,0.2,0,0,0,0,0,0,0,3,0.0,78,12:59,6,4,0,0,,762500,12500.0,710744.4,56.85955
728,852,855,Marc McLaughlin,1,2,0,0,0,-0.1,0,0,0,0,0,0,0,3,0.0,20,10:04,0,2,6,5,54.5,883750,133750.0,826408.25,6.178753271028038
729,853,856,Connor McMichael,0,6,0,0,0,-0.1,0,0,0,0,0,0,0,2,0.0,53,8:52,3,2,2,1,66.7,863333,113333.0,1853085.9,16.350805811193563
730,855,858,Jacob Moverare,1,2,0,0,0,0.0,0,0,0,0,0,0,0,6,0.0,30,14:58,4,3,0,0,,762500,12500.0,1008771.1,80.70169
731,856,859,Markus Niemeläinen,1,23,0,0,0,0.3,0,0,0,0,0,0,0,16,0.0,231,10:02,16,61,0,0,,762500,12500.0,114993.47,9.1994775
732,857,860,Oskar Olausson,0,1,0,0,0,0.0,0,0,0,0,0,0,0,0,,7,7:02,0,0,0,0,,894167,144167.0,1793010.1,12.437035694715156
733,860,863,Sampo Ranta,0,6,0,0,0,-0.1,0,0,0,0,0,0,0,5,0.0,44,7:21,3,10,0,1,0.0,925000,175000.0,1628905.6,9.308032142857142
734,861,864,Alec Regula,1,4,0,0,0,-0.1,0,0,0,0,0,0,0,2,0.0,66,16:36,8,4,0,0,,866667,116667.0,1247559.2,10.693334447615864
735,862,865,Sheldon Rempal,0,1,0,0,0,-0.1,0,0,0,0,0,0,0,0,,8,7:44,0,0,0,0,,762500,12500.0,1843917.2,147.51338
736,863,866,Tristen Robins,0,3,0,0,0,-0.1,0,0,0,0,0,0,0,2,0.0,41,13:43,3,2,13,17,43.3,797500,47500.0,2150779.2,45.279563157894735
737,864,867,Dmitri Samorukov,1,2,0,0,0,-0.1,0,0,0,0,0,0,0,1,0.0,30,14:53,2,0,0,0,,775000,25000.0,1028879.4,41.155175
738,865,868,Riley Sheahan,0,2,0,0,0,-0.1,0,0,0,0,0,0,0,0,,17,8:19,1,0,7,3,70.0,950000,200000.0,1850295.1,9.251475625
739,866,869,Nathan Smith,0,4,0,0,0,-0.1,0,0,0,0,0,0,0,2,0.0,30,7:27,3,6,9,11,45.0,883750,133750.0,1734719.9,12.969868224299065
740,868,871,Alex Steeves,1,3,0,0,0,-0.1,0,0,0,0,0,0,0,3,0.0,24,7:51,0,3,0,0,,834167,84167.0,713811.2,8.480891412311239
741,869,872,Anton Strålman,1,8,0,0,0,-0.1,0,0,0,0,0,0,0,3,0.0,123,15:22,10,12,0,0,,1000000,250000.0,868162.1,3.4726485
742,871,874,C.J. Suess,0,1,0,0,0,0.0,0,0,0,0,0,0,0,0,,6,5:50,0,1,0,1,0.0,775000,25000.0,1771888.1,70.875525
743,873,876,Tyce Thompson,0,2,0,0,0,-0.1,0,0,0,0,0,0,0,1,0.0,17,8:39,2,0,0,0,,762500,12500.0,1838934.2,147.11474
744,874,877,Lassi Thomson,1,2,0,0,0,-0.1,0,0,0,0,0,0,0,1,0.0,22,10:54,0,2,0,0,,863333,113333.0,863254.25,7.616971667563728
745,876,879,Alex Turcotte,0,4,0,0,0,-0.1,0,0,0,0,0,0,0,2,0.0,28,6:59,0,1,6,8,42.9,894167,144167.0,1692476.2,11.73969250938148
746,878,881,Chris Wagner,0,1,0,0,0,0.0,0,0,0,0,0,0,0,0,,13,12:36,1,6,1,3,25.0,1350000,600000.0,1919741.4,3.1995689583333333
